Src IP,Src Port,Dst IP,Dst Port,Protocol,Timestamp,Flow Duration,Total Fwd Packet,Total Bwd packets,Total Length of Fwd Packet,Total Length of Bwd Packet,Fwd Packet Length Max,Fwd Packet Length Min,Fwd Packet Length Mean,Fwd Packet Length Std,Bwd Packet Length Max,Bwd Packet Length Min,Bwd Packet Length Mean,Bwd Packet Length Std,Flow Bytes/s,Flow Packets/s,Flow IAT Mean,Flow IAT Std,Flow IAT Max,Flow IAT Min,Fwd IAT Total,Fwd IAT Mean,Fwd IAT Std,Fwd IAT Max,Fwd IAT Min,Bwd IAT Total,Bwd IAT Mean,Bwd IAT Std,Bwd IAT Max,Bwd IAT Min,Fwd PSH Flags,Bwd PSH Flags,Fwd URG Flags,Bwd URG Flags,Fwd Header Length,Bwd Header Length,Fwd Packets/s,Bwd Packets/s,Packet Length Min,Packet Length Max,Packet Length Mean,Packet Length Std,Packet Length Variance,FIN Flag Count,SYN Flag Count,RST Flag Count,PSH Flag Count,ACK Flag Count,URG Flag Count,ECE Flag Count,Down/Up Ratio,Average Packet Size,Fwd Bytes/Bulk Avg,Fwd Packet/Bulk Avg,Fwd Bulk Rate Avg,Bwd Bytes/Bulk Avg,Bwd Packet/Bulk Avg,Bwd Bulk Rate Avg,FWD Init Win Bytes,Bwd Init Win Bytes,Fwd Act Data Pkts,Fwd Seg Size Min,Active Mean,Active Std,Active Max,Active Min,Idle Mean,Idle Std,Idle Max,Idle Min,Label
192.168.0.1,38589,224.0.0.251,5353,17,2024-05-13 14:57:35,0.0,1,0,86,0,86.0,86.0,86.0,0.0,0.0,0.0,0.0,0.0,0,0,0.0,0.0,0.0,0.0,0,0.0,0.0,0.0,0.0,0.0,0.0,0.0,0.0,0.0,0,0,0,0,8,0,0,0,86,86,86.0,0.0,0.0,1,0,0,0,0,0,0,0.0,86.0,0.0,0.0,0.0,0.0,0.0,0.0,0,0,1,8,0.0,0.0,0.0,0.0,0.0,0.0,0.0,0.0,0
192.168.0.1,33486,224.0.0.251,5353,17,2024-05-13 14:57:35,0.0,1,0,86,0,86.0,86.0,86.0,0.0,0.0,0.0,0.0,0.0,0,0,0.0,0.0,0.0,0.0,0,0.0,0.0,0.0,0.0,0.0,0.0,0.0,0.0,0.0,0,0,0,0,8,0,0,0,86,86,86.0,0.0,0.0,1,0,0,0,0,0,0,0.0,86.0,0.0,0.0,0.0,0.0,0.0,0.0,0,0,1,8,0.0,0.0,0.0,0.0,0.0,0.0,0.0,0.0,0
192.168.0.1,43577,224.0.0.251,5353,17,2024-05-13 14:57:45,0.0,1,0,86,0,86.0,86.0,86.0,0.0,0.0,0.0,0.0,0.0,0,0,0.0,0.0,0.0,0.0,0,0.0,0.0,0.0,0.0,0.0,0.0,0.0,0.0,0.0,0,0,0,0,8,0,0,0,86,86,86.0,0.0,0.0,1,0,0,0,0,0,0,0.0,86.0,0.0,0.0,0.0,0.0,0.0,0.0,0,0,1,8,0.0,0.0,0.0,0.0,0.0,0.0,0.0,0.0,0
192.168.0.1,44859,224.0.0.251,5353,17,2024-05-13 14:57:45,0.0,1,0,86,0,86.0,86.0,86.0,0.0,0.0,0.0,0.0,0.0,0,0,0.0,0.0,0.0,0.0,0,0.0,0.0,0.0,0.0,0.0,0.0,0.0,0.0,0.0,0,0,0,0,8,0,0,0,86,86,86.0,0.0,0.0,1,0,0,0,0,0,0,0.0,86.0,0.0,0.0,0.0,0.0,0.0,0.0,0,0,1,8,0.0,0.0,0.0,0.0,0.0,0.0,0.0,0.0,0
192.168.0.1,55779,224.0.0.251,5353,17,2024-05-13 14:57:45,0.0,1,0,86,0,86.0,86.0,86.0,0.0,0.0,0.0,0.0,0.0,0,0,0.0,0.0,0.0,0.0,0,0.0,0.0,0.0,0.0,0.0,0.0,0.0,0.0,0.0,0,0,0,0,8,0,0,0,86,86,86.0,0.0,0.0,1,0,0,0,0,0,0,0.0,86.0,0.0,0.0,0.0,0.0,0.0,0.0,0,0,1,8,0.0,0.0,0.0,0.0,0.0,0.0,0.0,0.0,0
192.168.0.1,53087,224.0.0.251,5353,17,2024-05-13 14:57:45,0.0,1,0,86,0,86.0,86.0,86.0,0.0,0.0,0.0,0.0,0.0,0,0,0.0,0.0,0.0,0.0,0,0.0,0.0,0.0,0.0,0.0,0.0,0.0,0.0,0.0,0,0,0,0,8,0,0,0,86,86,86.0,0.0,0.0,1,0,0,0,0,0,0,0.0,86.0,0.0,0.0,0.0,0.0,0.0,0.0,0,0,1,8,0.0,0.0,0.0,0.0,0.0,0.0,0.0,0.0,0
192.168.0.179,5353,224.0.0.251,5353,17,2024-05-13 14:57:30,19967046.7376709,2,0,206,0,103.0,103.0,103.0,0.0,0.0,0.0,0.0,0.0,10.316998938623676,0.10016503823906482,0.0,0.0,0.0,0.0,0,0.0,0.0,0.0,0.0,0.0,0.0,0.0,0.0,0.0,0,0,0,0,16,0,0.10016503823906482,0.0,103,103,103.0,0.0,0.0,1,0,0,0,0,0,0,0.0,103.0,0.0,0.0,0.0,0.0,0.0,0.0,0,0,2,8,0.0,0.0,0.0,0.0,0.0,0.0,0.0,0.0,0
192.168.0.1,52895,224.0.0.251,5353,17,2024-05-13 14:57:55,0.0,1,0,86,0,86.0,86.0,86.0,0.0,0.0,0.0,0.0,0.0,0,0,0.0,0.0,0.0,0.0,0,0.0,0.0,0.0,0.0,0.0,0.0,0.0,0.0,0.0,0,0,0,0,8,0,0,0,86,86,86.0,0.0,0.0,1,0,0,0,0,0,0,0.0,86.0,0.0,0.0,0.0,0.0,0.0,0.0,0,0,1,8,0.0,0.0,0.0,0.0,0.0,0.0,0.0,0.0,0
192.168.0.1,34691,224.0.0.251,5353,17,2024-05-13 14:57:56,0.0,1,0,86,0,86.0,86.0,86.0,0.0,0.0,0.0,0.0,0.0,0,0,0.0,0.0,0.0,0.0,0,0.0,0.0,0.0,0.0,0.0,0.0,0.0,0.0,0.0,0,0,0,0,8,0,0,0,86,86,86.0,0.0,0.0,1,0,0,0,0,0,0,0.0,86.0,0.0,0.0,0.0,0.0,0.0,0.0,0,0,1,8,0.0,0.0,0.0,0.0,0.0,0.0,0.0,0.0,0
192.168.0.1,59253,239.255.255.250,1900,17,2024-05-13 14:57:30,90008805.27496338,28,0,13217,0,502.0,422.0,472.0357142857143,27.89454906154496,0.0,0.0,0.0,0.0,146.8411891439293,0.31108067610123485,3333659.4546282734,9426277.771766981,29995737.7910614,0.2384185791015625,90008805.27496338,3333659.4546282734,9426277.771766981,29995737.7910614,0.2384185791015625,0.0,0.0,0.0,0.0,0.0,0,0,0,0,224,0,0.31108067610123485,0.0,422,502,472.0357142857143,27.89454906154496,778.1058673469388,1,0,0,0,0,0,0,0.0,472.0357142857143,3887.0,9.0,502452.9899118572,0.0,0.0,0.0,0,0,28,8,0.0,0.0,0.0,0.0,0.0,0.0,0.0,0.0,0
192.168.0.134,63521,239.255.255.250,1900,17,2024-05-13 14:58:02,2969407.081604004,4,0,868,0,217.0,217.0,217.0,0.0,0.0,0.0,0.0,0.0,292.3142486516624,1.3470702702841586,989802.360534668,48342.09934066103,1023998.9757537842,921436.3098144531,2969407.081604004,989802.360534668,48342.09934066103,1023998.9757537842,921436.3098144531,0.0,0.0,0.0,0.0,0.0,0,0,0,0,32,0,1.3470702702841586,0.0,217,217,217.0,0.0,0.0,0,0,0,0,0,0,0,0.0,217.0,0.0,0.0,0.0,0.0,0.0,0.0,0,0,4,8,0.0,0.0,0.0,0.0,0.0,0.0,0.0,0.0,0
192.168.0.1,52162,224.0.0.251,5353,17,2024-05-13 14:58:06,0.0,1,0,86,0,86.0,86.0,86.0,0.0,0.0,0.0,0.0,0.0,0,0,0.0,0.0,0.0,0.0,0,0.0,0.0,0.0,0.0,0.0,0.0,0.0,0.0,0.0,0,0,0,0,8,0,0,0,86,86,86.0,0.0,0.0,1,0,0,0,0,0,0,0.0,86.0,0.0,0.0,0.0,0.0,0.0,0.0,0,0,1,8,0.0,0.0,0.0,0.0,0.0,0.0,0.0,0.0,0
192.168.0.1,53930,224.0.0.251,5353,17,2024-05-13 14:58:06,0.0,1,0,86,0,86.0,86.0,86.0,0.0,0.0,0.0,0.0,0.0,0,0,0.0,0.0,0.0,0.0,0,0.0,0.0,0.0,0.0,0.0,0.0,0.0,0.0,0.0,0,0,0,0,8,0,0,0,86,86,86.0,0.0,0.0,1,0,0,0,0,0,0,0.0,86.0,0.0,0.0,0.0,0.0,0.0,0.0,0,0,1,8,0.0,0.0,0.0,0.0,0.0,0.0,0.0,0.0,0
192.168.0.1,38492,224.0.0.251,5353,17,2024-05-13 14:58:26,0.0,1,0,86,0,86.0,86.0,86.0,0.0,0.0,0.0,0.0,0.0,0,0,0.0,0.0,0.0,0.0,0,0.0,0.0,0.0,0.0,0.0,0.0,0.0,0.0,0.0,0,0,0,0,8,0,0,0,86,86,86.0,0.0,0.0,1,0,0,0,0,0,0,0.0,86.0,0.0,0.0,0.0,0.0,0.0,0.0,0,0,1,8,0.0,0.0,0.0,0.0,0.0,0.0,0.0,0.0,0
192.168.0.1,45125,224.0.0.251,5353,17,2024-05-13 14:58:26,0.0,1,0,86,0,86.0,86.0,86.0,0.0,0.0,0.0,0.0,0.0,0,0,0.0,0.0,0.0,0.0,0,0.0,0.0,0.0,0.0,0.0,0.0,0.0,0.0,0.0,0,0,0,0,8,0,0,0,86,86,86.0,0.0,0.0,1,0,0,0,0,0,0,0.0,86.0,0.0,0.0,0.0,0.0,0.0,0.0,0,0,1,8,0.0,0.0,0.0,0.0,0.0,0.0,0.0,0.0,0
192.168.0.1,50321,224.0.0.251,5353,17,2024-05-13 14:58:26,0.0,1,0,86,0,86.0,86.0,86.0,0.0,0.0,0.0,0.0,0.0,0,0,0.0,0.0,0.0,0.0,0,0.0,0.0,0.0,0.0,0.0,0.0,0.0,0.0,0.0,0,0,0,0,8,0,0,0,86,86,86.0,0.0,0.0,1,0,0,0,0,0,0,0.0,86.0,0.0,0.0,0.0,0.0,0.0,0.0,0,0,1,8,0.0,0.0,0.0,0.0,0.0,0.0,0.0,0.0,0
192.168.0.1,40915,224.0.0.251,5353,17,2024-05-13 14:58:26,0.0,1,0,86,0,86.0,86.0,86.0,0.0,0.0,0.0,0.0,0.0,0,0,0.0,0.0,0.0,0.0,0,0.0,0.0,0.0,0.0,0.0,0.0,0.0,0.0,0.0,0,0,0,0,8,0,0,0,86,86,86.0,0.0,0.0,1,0,0,0,0,0,0,0.0,86.0,0.0,0.0,0.0,0.0,0.0,0.0,0,0,1,8,0.0,0.0,0.0,0.0,0.0,0.0,0.0,0.0,0
192.168.0.1,51813,224.0.0.251,5353,17,2024-05-13 14:58:36,0.0,1,0,86,0,86.0,86.0,86.0,0.0,0.0,0.0,0.0,0.0,0,0,0.0,0.0,0.0,0.0,0,0.0,0.0,0.0,0.0,0.0,0.0,0.0,0.0,0.0,0,0,0,0,8,0,0,0,86,86,86.0,0.0,0.0,1,0,0,0,0,0,0,0.0,86.0,0.0,0.0,0.0,0.0,0.0,0.0,0,0,1,8,0.0,0.0,0.0,0.0,0.0,0.0,0.0,0.0,0
192.168.0.1,36462,224.0.0.251,5353,17,2024-05-13 14:58:36,0.0,1,0,86,0,86.0,86.0,86.0,0.0,0.0,0.0,0.0,0.0,0,0,0.0,0.0,0.0,0.0,0,0.0,0.0,0.0,0.0,0.0,0.0,0.0,0.0,0.0,0,0,0,0,8,0,0,0,86,86,86.0,0.0,0.0,1,0,0,0,0,0,0,0.0,86.0,0.0,0.0,0.0,0.0,0.0,0.0,0,0,1,8,0.0,0.0,0.0,0.0,0.0,0.0,0.0,0.0,0
192.168.0.117,37741,185.125.190.57,123,17,2024-05-13 14:58:37,163185.59646606445,1,1,90,90,90.0,90.0,90.0,0.0,90.0,90.0,90.0,0.0,1103.038527284681,12.255983636496458,0.0,0.0,0.0,0.0,0,0.0,0.0,0.0,0.0,0.0,0.0,0.0,0.0,0.0,0,0,0,0,8,8,6.127991818248229,6.127991818248229,90,90,90.0,0.0,0.0,1,0,0,0,0,0,0,1.0,90.0,0.0,0.0,0.0,0.0,0.0,0.0,0,0,1,8,0.0,0.0,0.0,0.0,0.0,0.0,0.0,0.0,0
192.168.0.117,44746,192.168.0.1,53,17,2024-05-13 14:58:40,26354.551315307617,1,1,100,436,100.0,100.0,100.0,0.0,436.0,436.0,436.0,0.0,20338.043079817984,75.88822044708202,0.0,0.0,0.0,0.0,0,0.0,0.0,0.0,0.0,0.0,0.0,0.0,0.0,0.0,0,0,0,0,8,8,37.94411022354101,37.94411022354101,100,436,268.0,168.0,28224.0,1,0,0,0,0,0,0,1.0,268.0,0.0,0.0,0.0,0.0,0.0,0.0,0,0,1,8,0.0,0.0,0.0,0.0,0.0,0.0,0.0,0.0,0
192.168.0.117,5353,224.0.0.251,5353,17,2024-05-13 14:58:40,0.0,1,0,87,0,87.0,87.0,87.0,0.0,0.0,0.0,0.0,0.0,0,0,0.0,0.0,0.0,0.0,0,0.0,0.0,0.0,0.0,0.0,0.0,0.0,0.0,0.0,0,0,0,0,8,0,0,0,87,87,87.0,0.0,0.0,1,0,0,0,0,0,0,0.0,87.0,0.0,0.0,0.0,0.0,0.0,0.0,0,0,1,8,0.0,0.0,0.0,0.0,0.0,0.0,0.0,0.0,0
192.168.0.1,60945,224.0.0.251,5353,17,2024-05-13 14:58:46,0.0,1,0,86,0,86.0,86.0,86.0,0.0,0.0,0.0,0.0,0.0,0,0,0.0,0.0,0.0,0.0,0,0.0,0.0,0.0,0.0,0.0,0.0,0.0,0.0,0.0,0,0,0,0,8,0,0,0,86,86,86.0,0.0,0.0,1,0,0,0,0,0,0,0.0,86.0,0.0,0.0,0.0,0.0,0.0,0.0,0,0,1,8,0.0,0.0,0.0,0.0,0.0,0.0,0.0,0.0,0
192.168.0.1,42228,224.0.0.251,5353,17,2024-05-13 14:58:46,0.0,1,0,86,0,86.0,86.0,86.0,0.0,0.0,0.0,0.0,0.0,0,0,0.0,0.0,0.0,0.0,0,0.0,0.0,0.0,0.0,0.0,0.0,0.0,0.0,0.0,0,0,0,0,8,0,0,0,86,86,86.0,0.0,0.0,1,0,0,0,0,0,0,0.0,86.0,0.0,0.0,0.0,0.0,0.0,0.0,0,0,1,8,0.0,0.0,0.0,0.0,0.0,0.0,0.0,0.0,0
192.168.0.1,34094,224.0.0.251,5353,17,2024-05-13 14:58:46,0.0,1,0,86,0,86.0,86.0,86.0,0.0,0.0,0.0,0.0,0.0,0,0,0.0,0.0,0.0,0.0,0,0.0,0.0,0.0,0.0,0.0,0.0,0.0,0.0,0.0,0,0,0,0,8,0,0,0,86,86,86.0,0.0,0.0,1,0,0,0,0,0,0,0.0,86.0,0.0,0.0,0.0,0.0,0.0,0.0,0,0,1,8,0.0,0.0,0.0,0.0,0.0,0.0,0.0,0.0,0
192.168.0.1,44564,224.0.0.251,5353,17,2024-05-13 14:58:46,0.0,1,0,86,0,86.0,86.0,86.0,0.0,0.0,0.0,0.0,0.0,0,0,0.0,0.0,0.0,0.0,0,0.0,0.0,0.0,0.0,0.0,0.0,0.0,0.0,0.0,0,0,0,0,8,0,0,0,86,86,86.0,0.0,0.0,1,0,0,0,0,0,0,0.0,86.0,0.0,0.0,0.0,0.0,0.0,0.0,0,0,1,8,0.0,0.0,0.0,0.0,0.0,0.0,0.0,0.0,0
192.168.0.149,59070,239.255.255.250,1900,17,2024-05-13 14:58:44,3002258.777618408,4,0,868,0,217.0,217.0,217.0,0.0,0.0,0.0,0.0,0.0,289.1156506797044,1.3323301874640756,1000752.9258728027,849.4308263041853,1001843.4524536133,999771.3565826416,3002258.777618408,1000752.9258728027,849.4308263041853,1001843.4524536133,999771.3565826416,0.0,0.0,0.0,0.0,0.0,0,0,0,0,32,0,1.3323301874640756,0.0,217,217,217.0,0.0,0.0,0,0,0,0,0,0,0,0.0,217.0,0.0,0.0,0.0,0.0,0.0,0.0,0,0,4,8,0.0,0.0,0.0,0.0,0.0,0.0,0.0,0.0,0
192.168.0.149,59073,239.255.255.250,1900,17,2024-05-13 14:58:44,2995218.276977539,4,0,868,0,217.0,217.0,217.0,0.0,0.0,0.0,0.0,0.0,289.79524019060636,1.335461936362241,998406.0923258463,3801.4708958602337,1001335.620880127,993037.4622344971,2995218.276977539,998406.0923258463,3801.4708958602337,1001335.620880127,993037.4622344971,0.0,0.0,0.0,0.0,0.0,0,0,0,0,32,0,1.335461936362241,0.0,217,217,217.0,0.0,0.0,0,0,0,0,0,0,0,0.0,217.0,0.0,0.0,0.0,0.0,0.0,0.0,0,0,4,8,0.0,0.0,0.0,0.0,0.0,0.0,0.0,0.0,0
192.168.0.1,45396,224.0.0.251,5353,17,2024-05-13 14:58:57,0.0,1,0,86,0,86.0,86.0,86.0,0.0,0.0,0.0,0.0,0.0,0,0,0.0,0.0,0.0,0.0,0,0.0,0.0,0.0,0.0,0.0,0.0,0.0,0.0,0.0,0,0,0,0,8,0,0,0,86,86,86.0,0.0,0.0,1,0,0,0,0,0,0,0.0,86.0,0.0,0.0,0.0,0.0,0.0,0.0,0,0,1,8,0.0,0.0,0.0,0.0,0.0,0.0,0.0,0.0,0
192.168.0.1,44994,224.0.0.251,5353,17,2024-05-13 14:58:57,0.0,1,0,86,0,86.0,86.0,86.0,0.0,0.0,0.0,0.0,0.0,0,0,0.0,0.0,0.0,0.0,0,0.0,0.0,0.0,0.0,0.0,0.0,0.0,0.0,0.0,0,0,0,0,8,0,0,0,86,86,86.0,0.0,0.0,1,0,0,0,0,0,0,0.0,86.0,0.0,0.0,0.0,0.0,0.0,0.0,0,0,1,8,0.0,0.0,0.0,0.0,0.0,0.0,0.0,0.0,0
192.168.0.1,54882,224.0.0.251,5353,17,2024-05-13 14:59:07,0.0,1,0,86,0,86.0,86.0,86.0,0.0,0.0,0.0,0.0,0.0,0,0,0.0,0.0,0.0,0.0,0,0.0,0.0,0.0,0.0,0.0,0.0,0.0,0.0,0.0,0,0,0,0,8,0,0,0,86,86,86.0,0.0,0.0,1,0,0,0,0,0,0,0.0,86.0,0.0,0.0,0.0,0.0,0.0,0.0,0,0,1,8,0.0,0.0,0.0,0.0,0.0,0.0,0.0,0.0,0
192.168.0.1,45653,224.0.0.251,5353,17,2024-05-13 14:59:07,0.0,1,0,86,0,86.0,86.0,86.0,0.0,0.0,0.0,0.0,0.0,0,0,0.0,0.0,0.0,0.0,0,0.0,0.0,0.0,0.0,0.0,0.0,0.0,0.0,0.0,0,0,0,0,8,0,0,0,86,86,86.0,0.0,0.0,1,0,0,0,0,0,0,0.0,86.0,0.0,0.0,0.0,0.0,0.0,0.0,0,0,1,8,0.0,0.0,0.0,0.0,0.0,0.0,0.0,0.0,0
192.168.0.134,5353,224.0.0.251,5353,17,2024-05-13 14:59:16,1024891.6149139404,2,0,170,0,85.0,85.0,85.0,0.0,0.0,0.0,0.0,0.0,165.8711980137283,1.951425858985039,0.0,0.0,0.0,0.0,0,0.0,0.0,0.0,0.0,0.0,0.0,0.0,0.0,0.0,0,0,0,0,16,0,1.951425858985039,0.0,85,85,85.0,0.0,0.0,0,0,0,0,0,0,0,0.0,85.0,0.0,0.0,0.0,0.0,0.0,0.0,0,0,2,8,0.0,0.0,0.0,0.0,0.0,0.0,0.0,0.0,0
192.168.0.117,36205,192.168.0.1,53,17,2024-05-13 14:59:26,16400.09880065918,1,1,100,292,100.0,100.0,100.0,0.0,292.0,292.0,292.0,0.0,23902.29502667655,121.95048482998241,0.0,0.0,0.0,0.0,0,0.0,0.0,0.0,0.0,0.0,0.0,0.0,0.0,0.0,0,0,0,0,8,8,60.97524241499121,60.97524241499121,100,292,196.0,96.0,9216.0,1,0,0,0,0,0,0,1.0,196.0,0.0,0.0,0.0,0.0,0.0,0.0,0,0,1,8,0.0,0.0,0.0,0.0,0.0,0.0,0.0,0.0,0
192.168.0.117,58812,185.125.190.18,80,6,2024-05-13 14:59:26,778397.5601196289,5,4,425,461,153.0,66.0,85.0,34.140884581393024,255.0,66.0,115.25,80.7507739900987,1138.2358391049352,11.562215069914691,97261.25001907349,125182.97922826043,260300.1594543457,-307.5599670410156,519736.05155944824,129934.01288986206,129300.24880808237,260607.95783996582,302.5531768798828,520752.4299621582,173584.1433207194,122742.86844032953,260810.37521362305,0.2384185791015625,0,0,0,0,100,80,6.423452816619273,5.138762253295418,66,255,98.44444444444444,61.413192775767484,3771.5802469135797,1,0,0,0,0,0,0,0.8,98.44444444444444,0.0,0.0,0.0,0.0,0.0,0.0,64240,509,1,20,0.0,0.0,0.0,0.0,0.0,0.0,0.0,0.0,0
192.168.0.1,58099,224.0.0.251,5353,17,2024-05-13 14:59:27,0.0,1,0,86,0,86.0,86.0,86.0,0.0,0.0,0.0,0.0,0.0,0,0,0.0,0.0,0.0,0.0,0,0.0,0.0,0.0,0.0,0.0,0.0,0.0,0.0,0.0,0,0,0,0,8,0,0,0,86,86,86.0,0.0,0.0,1,0,0,0,0,0,0,0.0,86.0,0.0,0.0,0.0,0.0,0.0,0.0,0,0,1,8,0.0,0.0,0.0,0.0,0.0,0.0,0.0,0.0,0
192.168.0.1,45298,224.0.0.251,5353,17,2024-05-13 14:59:27,0.0,1,0,86,0,86.0,86.0,86.0,0.0,0.0,0.0,0.0,0.0,0,0,0.0,0.0,0.0,0.0,0,0.0,0.0,0.0,0.0,0.0,0.0,0.0,0.0,0.0,0,0,0,0,8,0,0,0,86,86,86.0,0.0,0.0,1,0,0,0,0,0,0,0.0,86.0,0.0,0.0,0.0,0.0,0.0,0.0,0,0,1,8,0.0,0.0,0.0,0.0,0.0,0.0,0.0,0.0,0
192.168.0.1,33303,224.0.0.251,5353,17,2024-05-13 14:59:27,0.0,1,0,86,0,86.0,86.0,86.0,0.0,0.0,0.0,0.0,0.0,0,0,0.0,0.0,0.0,0.0,0,0.0,0.0,0.0,0.0,0.0,0.0,0.0,0.0,0.0,0,0,0,0,8,0,0,0,86,86,86.0,0.0,0.0,1,0,0,0,0,0,0,0.0,86.0,0.0,0.0,0.0,0.0,0.0,0.0,0,0,1,8,0.0,0.0,0.0,0.0,0.0,0.0,0.0,0.0,0
192.168.0.1,51390,224.0.0.251,5353,17,2024-05-13 14:59:27,0.0,1,0,86,0,86.0,86.0,86.0,0.0,0.0,0.0,0.0,0.0,0,0,0.0,0.0,0.0,0.0,0,0.0,0.0,0.0,0.0,0.0,0.0,0.0,0.0,0.0,0,0,0,0,8,0,0,0,86,86,86.0,0.0,0.0,1,0,0,0,0,0,0,0.0,86.0,0.0,0.0,0.0,0.0,0.0,0.0,0,0,1,8,0.0,0.0,0.0,0.0,0.0,0.0,0.0,0.0,0
192.168.0.1,57700,224.0.0.251,5353,17,2024-05-13 14:59:38,0.0,1,0,86,0,86.0,86.0,86.0,0.0,0.0,0.0,0.0,0.0,0,0,0.0,0.0,0.0,0.0,0,0.0,0.0,0.0,0.0,0.0,0.0,0.0,0.0,0.0,0,0,0,0,8,0,0,0,86,86,86.0,0.0,0.0,1,0,0,0,0,0,0,0.0,86.0,0.0,0.0,0.0,0.0,0.0,0.0,0,0,1,8,0.0,0.0,0.0,0.0,0.0,0.0,0.0,0.0,0
192.168.0.1,33982,224.0.0.251,5353,17,2024-05-13 14:59:38,0.0,1,0,86,0,86.0,86.0,86.0,0.0,0.0,0.0,0.0,0.0,0,0,0.0,0.0,0.0,0.0,0,0.0,0.0,0.0,0.0,0.0,0.0,0.0,0.0,0.0,0,0,0,0,8,0,0,0,86,86,86.0,0.0,0.0,1,0,0,0,0,0,0,0.0,86.0,0.0,0.0,0.0,0.0,0.0,0.0,0,0,1,8,0.0,0.0,0.0,0.0,0.0,0.0,0.0,0.0,0
192.168.0.1,59004,224.0.0.251,5353,17,2024-05-13 14:59:48,0.0,1,0,86,0,86.0,86.0,86.0,0.0,0.0,0.0,0.0,0.0,0,0,0.0,0.0,0.0,0.0,0,0.0,0.0,0.0,0.0,0.0,0.0,0.0,0.0,0.0,0,0,0,0,8,0,0,0,86,86,86.0,0.0,0.0,1,0,0,0,0,0,0,0.0,86.0,0.0,0.0,0.0,0.0,0.0,0.0,0,0,1,8,0.0,0.0,0.0,0.0,0.0,0.0,0.0,0.0,0
192.168.0.1,48630,224.0.0.251,5353,17,2024-05-13 14:59:48,0.0,1,0,86,0,86.0,86.0,86.0,0.0,0.0,0.0,0.0,0.0,0,0,0.0,0.0,0.0,0.0,0,0.0,0.0,0.0,0.0,0.0,0.0,0.0,0.0,0.0,0,0,0,0,8,0,0,0,86,86,86.0,0.0,0.0,1,0,0,0,0,0,0,0.0,86.0,0.0,0.0,0.0,0.0,0.0,0.0,0,0,1,8,0.0,0.0,0.0,0.0,0.0,0.0,0.0,0.0,0
192.168.0.1,58969,224.0.0.251,5353,17,2024-05-13 14:59:48,0.0,1,0,86,0,86.0,86.0,86.0,0.0,0.0,0.0,0.0,0.0,0,0,0.0,0.0,0.0,0.0,0,0.0,0.0,0.0,0.0,0.0,0.0,0.0,0.0,0.0,0,0,0,0,8,0,0,0,86,86,86.0,0.0,0.0,1,0,0,0,0,0,0,0.0,86.0,0.0,0.0,0.0,0.0,0.0,0.0,0,0,1,8,0.0,0.0,0.0,0.0,0.0,0.0,0.0,0.0,0
192.168.0.1,34247,224.0.0.251,5353,17,2024-05-13 14:59:48,0.0,1,0,86,0,86.0,86.0,86.0,0.0,0.0,0.0,0.0,0.0,0,0,0.0,0.0,0.0,0.0,0,0.0,0.0,0.0,0.0,0.0,0.0,0.0,0.0,0.0,0,0,0,0,8,0,0,0,86,86,86.0,0.0,0.0,1,0,0,0,0,0,0,0.0,86.0,0.0,0.0,0.0,0.0,0.0,0.0,0,0,1,8,0.0,0.0,0.0,0.0,0.0,0.0,0.0,0.0,0
192.168.0.1,59253,239.255.255.250,1900,17,2024-05-13 14:59:00,90112278.93829346,27,0,12795,0,502.0,422.0,473.8888888888889,26.660184397313635,0.0,0.0,0.0,0.0,141.9895285165486,0.29962620320021977,3465856.882242056,9593158.442020454,30098718.404769897,0.0,90112278.93829346,3465856.882242056,9593158.442020454,30098718.404769897,0.0,0.0,0.0,0.0,0.0,0.0,0,0,0,0,216,0,0.29962620320021977,0.0,422,502,473.8888888888889,26.660184397313635,710.7654320987654,1,0,0,0,0,0,0,0.0,473.8888888888889,3760.3333333333335,8.666666666666666,401796.37931063765,0.0,0.0,0.0,0,0,27,8,0.0,0.0,0.0,0.0,15053895.831108093,15044822.573661804,30098718.404769897,9073.257446289062,0
192.168.0.1,60870,224.0.0.251,5353,17,2024-05-13 14:59:58,0.0,1,0,86,0,86.0,86.0,86.0,0.0,0.0,0.0,0.0,0.0,0,0,0.0,0.0,0.0,0.0,0,0.0,0.0,0.0,0.0,0.0,0.0,0.0,0.0,0.0,0,0,0,0,8,0,0,0,86,86,86.0,0.0,0.0,1,0,0,0,0,0,0,0.0,86.0,0.0,0.0,0.0,0.0,0.0,0.0,0,0,1,8,0.0,0.0,0.0,0.0,0.0,0.0,0.0,0.0,0
192.168.0.1,44777,224.0.0.251,5353,17,2024-05-13 14:59:58,0.0,1,0,86,0,86.0,86.0,86.0,0.0,0.0,0.0,0.0,0.0,0,0,0.0,0.0,0.0,0.0,0,0.0,0.0,0.0,0.0,0.0,0.0,0.0,0.0,0.0,0,0,0,0,8,0,0,0,86,86,86.0,0.0,0.0,1,0,0,0,0,0,0,0.0,86.0,0.0,0.0,0.0,0.0,0.0,0.0,0,0,1,8,0.0,0.0,0.0,0.0,0.0,0.0,0.0,0.0,0
192.168.0.134,51822,239.255.255.250,1900,17,2024-05-13 15:00:02,3071774.959564209,4,0,868,0,217.0,217.0,217.0,0.0,0.0,0.0,0.0,0.0,282.57278330152894,1.3021787248918384,1023924.986521403,77.14608600957962,1024033.784866333,1023863.5540008545,3071774.959564209,1023924.986521403,77.14608600957962,1024033.784866333,1023863.5540008545,0.0,0.0,0.0,0.0,0.0,0,0,0,0,32,0,1.3021787248918384,0.0,217,217,217.0,0.0,0.0,0,0,0,0,0,0,0,0.0,217.0,0.0,0.0,0.0,0.0,0.0,0.0,0,0,4,8,0.0,0.0,0.0,0.0,0.0,0.0,0.0,0.0,0
192.168.0.1,51807,224.0.0.251,5353,17,2024-05-13 15:00:08,0.0,1,0,86,0,86.0,86.0,86.0,0.0,0.0,0.0,0.0,0.0,0,0,0.0,0.0,0.0,0.0,0,0.0,0.0,0.0,0.0,0.0,0.0,0.0,0.0,0.0,0,0,0,0,8,0,0,0,86,86,86.0,0.0,0.0,1,0,0,0,0,0,0,0.0,86.0,0.0,0.0,0.0,0.0,0.0,0.0,0,0,1,8,0.0,0.0,0.0,0.0,0.0,0.0,0.0,0.0,0
192.168.0.1,50091,224.0.0.251,5353,17,2024-05-13 15:00:08,0.0,1,0,86,0,86.0,86.0,86.0,0.0,0.0,0.0,0.0,0.0,0,0,0.0,0.0,0.0,0.0,0,0.0,0.0,0.0,0.0,0.0,0.0,0.0,0.0,0.0,0,0,0,0,8,0,0,0,86,86,86.0,0.0,0.0,1,0,0,0,0,0,0,0.0,86.0,0.0,0.0,0.0,0.0,0.0,0.0,0,0,1,8,0.0,0.0,0.0,0.0,0.0,0.0,0.0,0.0,0
192.168.0.185,5353,224.0.0.251,5353,17,2024-05-13 14:59:36,91959710.83641052,46,0,5679,0,292.0,87.0,123.45652173913044,72.12389898842828,0.0,0.0,0.0,0.0,61.755305104237635,0.5002190587770613,2043549.1296980116,2788144.915024567,16074730.634689331,0.476837158203125,91959710.83641052,2043549.1296980116,2788144.915024567,16074730.634689331,0.476837158203125,0.0,0.0,0.0,0.0,0.0,0,0,0,0,368,0,0.5002190587770613,0.0,87,292,123.45652173913044,72.12389898842828,5201.856805293007,1,0,0,0,0,0,0,0.0,123.45652173913044,475.0,4.5,257.70028078324395,0.0,0.0,0.0,0,0,46,8,2228048.6822128296,4819198.361667976,14948406.457901001,102180.71937561035,1242303.0585050583,2042291.6430185065,8085188.388824463,102134.46617126465,0
192.168.0.1,45895,224.0.0.251,5353,17,2024-05-13 15:00:29,0.0,1,0,86,0,86.0,86.0,86.0,0.0,0.0,0.0,0.0,0.0,0,0,0.0,0.0,0.0,0.0,0,0.0,0.0,0.0,0.0,0.0,0.0,0.0,0.0,0.0,0,0,0,0,8,0,0,0,86,86,86.0,0.0,0.0,1,0,0,0,0,0,0,0.0,86.0,0.0,0.0,0.0,0.0,0.0,0.0,0,0,1,8,0.0,0.0,0.0,0.0,0.0,0.0,0.0,0.0,0
192.168.0.1,38701,224.0.0.251,5353,17,2024-05-13 15:00:29,0.0,1,0,86,0,86.0,86.0,86.0,0.0,0.0,0.0,0.0,0.0,0,0,0.0,0.0,0.0,0.0,0,0.0,0.0,0.0,0.0,0.0,0.0,0.0,0.0,0.0,0,0,0,0,8,0,0,0,86,86,86.0,0.0,0.0,1,0,0,0,0,0,0,0.0,86.0,0.0,0.0,0.0,0.0,0.0,0.0,0,0,1,8,0.0,0.0,0.0,0.0,0.0,0.0,0.0,0.0,0
192.168.0.1,50415,224.0.0.251,5353,17,2024-05-13 15:00:29,0.0,1,0,86,0,86.0,86.0,86.0,0.0,0.0,0.0,0.0,0.0,0,0,0.0,0.0,0.0,0.0,0,0.0,0.0,0.0,0.0,0.0,0.0,0.0,0.0,0.0,0,0,0,0,8,0,0,0,86,86,86.0,0.0,0.0,1,0,0,0,0,0,0,0.0,86.0,0.0,0.0,0.0,0.0,0.0,0.0,0,0,1,8,0.0,0.0,0.0,0.0,0.0,0.0,0.0,0.0,0
192.168.0.1,33890,224.0.0.251,5353,17,2024-05-13 15:00:29,0.0,1,0,86,0,86.0,86.0,86.0,0.0,0.0,0.0,0.0,0.0,0,0,0.0,0.0,0.0,0.0,0,0.0,0.0,0.0,0.0,0.0,0.0,0.0,0.0,0.0,0,0,0,0,8,0,0,0,86,86,86.0,0.0,0.0,1,0,0,0,0,0,0,0.0,86.0,0.0,0.0,0.0,0.0,0.0,0.0,0,0,1,8,0.0,0.0,0.0,0.0,0.0,0.0,0.0,0.0,0
192.168.0.180,5353,224.0.0.251,5353,17,2024-05-13 14:59:32,101995103.35922241,8,0,952,0,119.0,119.0,119.0,0.0,0.0,0.0,0.0,0.0,9.333781413477238,0.07843513792838015,14570729.051317487,8567814.708665032,20070356.369018555,1023875.2365112305,101995103.35922241,14570729.051317487,8567814.708665032,20070356.369018555,1023875.2365112305,0.0,0.0,0.0,0.0,0.0,0,0,0,0,64,0,0.07843513792838015,0.0,119,119,119.0,0.0,0.0,1,0,0,0,0,0,0,0.0,119.0,0.0,0.0,0.0,0.0,0.0,0.0,0,0,8,8,105.73863983154297,8.940696716308594,114.67933654785156,96.79794311523438,6690112.829208374,8673131.244215904,18944225.311279297,102237.93983459473,0
192.168.0.1,44881,224.0.0.251,5353,17,2024-05-13 15:00:39,0.0,1,0,86,0,86.0,86.0,86.0,0.0,0.0,0.0,0.0,0.0,0,0,0.0,0.0,0.0,0.0,0,0.0,0.0,0.0,0.0,0.0,0.0,0.0,0.0,0.0,0,0,0,0,8,0,0,0,86,86,86.0,0.0,0.0,1,0,0,0,0,0,0,0.0,86.0,0.0,0.0,0.0,0.0,0.0,0.0,0,0,1,8,0.0,0.0,0.0,0.0,0.0,0.0,0.0,0.0,0
192.168.0.1,50649,224.0.0.251,5353,17,2024-05-13 15:00:39,0.0,1,0,86,0,86.0,86.0,86.0,0.0,0.0,0.0,0.0,0.0,0,0,0.0,0.0,0.0,0.0,0,0.0,0.0,0.0,0.0,0.0,0.0,0.0,0.0,0.0,0,0,0,0,8,0,0,0,86,86,86.0,0.0,0.0,1,0,0,0,0,0,0,0.0,86.0,0.0,0.0,0.0,0.0,0.0,0.0,0,0,1,8,0.0,0.0,0.0,0.0,0.0,0.0,0.0,0.0,0
192.168.0.149,61965,239.255.255.250,1900,17,2024-05-13 15:00:44,3001082.6587677,4,0,868,0,217.0,217.0,217.0,0.0,0.0,0.0,0.0,0.0,289.2289545788175,1.332852325248007,1000360.8862559,395.060344967227,1000886.2018585205,999933.4812164307,3001082.6587677,1000360.8862559,395.060344967227,1000886.2018585205,999933.4812164307,0.0,0.0,0.0,0.0,0.0,0,0,0,0,32,0,1.332852325248007,0.0,217,217,217.0,0.0,0.0,0,0,0,0,0,0,0,0.0,217.0,0.0,0.0,0.0,0.0,0.0,0.0,0,0,4,8,0.0,0.0,0.0,0.0,0.0,0.0,0.0,0.0,0
192.168.0.149,61968,239.255.255.250,1900,17,2024-05-13 15:00:44,3002599.000930786,4,0,868,0,217.0,217.0,217.0,0.0,0.0,0.0,0.0,0.0,289.08289109898647,1.3321792216543156,1000866.3336435953,513.6562646451848,1001573.5626220703,1000369.0719604492,3002599.000930786,1000866.3336435953,513.6562646451848,1001573.5626220703,1000369.0719604492,0.0,0.0,0.0,0.0,0.0,0,0,0,0,32,0,1.3321792216543156,0.0,217,217,217.0,0.0,0.0,0,0,0,0,0,0,0,0.0,217.0,0.0,0.0,0.0,0.0,0.0,0.0,0,0,4,8,0.0,0.0,0.0,0.0,0.0,0.0,0.0,0.0,0
192.168.0.1,39676,224.0.0.251,5353,17,2024-05-13 15:00:49,0.0,1,0,86,0,86.0,86.0,86.0,0.0,0.0,0.0,0.0,0.0,0,0,0.0,0.0,0.0,0.0,0,0.0,0.0,0.0,0.0,0.0,0.0,0.0,0.0,0.0,0,0,0,0,8,0,0,0,86,86,86.0,0.0,0.0,1,0,0,0,0,0,0,0.0,86.0,0.0,0.0,0.0,0.0,0.0,0.0,0,0,1,8,0.0,0.0,0.0,0.0,0.0,0.0,0.0,0.0,0
192.168.0.1,45744,224.0.0.251,5353,17,2024-05-13 15:00:49,0.0,1,0,86,0,86.0,86.0,86.0,0.0,0.0,0.0,0.0,0.0,0,0,0.0,0.0,0.0,0.0,0,0.0,0.0,0.0,0.0,0.0,0.0,0.0,0.0,0.0,0,0,0,0,8,0,0,0,86,86,86.0,0.0,0.0,1,0,0,0,0,0,0,0.0,86.0,0.0,0.0,0.0,0.0,0.0,0.0,0,0,1,8,0.0,0.0,0.0,0.0,0.0,0.0,0.0,0.0,0
192.168.0.1,44428,224.0.0.251,5353,17,2024-05-13 15:00:49,0.0,1,0,86,0,86.0,86.0,86.0,0.0,0.0,0.0,0.0,0.0,0,0,0.0,0.0,0.0,0.0,0,0.0,0.0,0.0,0.0,0.0,0.0,0.0,0.0,0.0,0,0,0,0,8,0,0,0,86,86,86.0,0.0,0.0,1,0,0,0,0,0,0,0.0,86.0,0.0,0.0,0.0,0.0,0.0,0.0,0,0,1,8,0.0,0.0,0.0,0.0,0.0,0.0,0.0,0.0,0
192.168.0.1,36516,224.0.0.251,5353,17,2024-05-13 15:00:49,0.0,1,0,86,0,86.0,86.0,86.0,0.0,0.0,0.0,0.0,0.0,0,0,0.0,0.0,0.0,0.0,0,0.0,0.0,0.0,0.0,0.0,0.0,0.0,0.0,0.0,0,0,0,0,8,0,0,0,86,86,86.0,0.0,0.0,1,0,0,0,0,0,0,0.0,86.0,0.0,0.0,0.0,0.0,0.0,0.0,0,0,1,8,0.0,0.0,0.0,0.0,0.0,0.0,0.0,0.0,0
192.168.0.1,57405,224.0.0.251,5353,17,2024-05-13 15:00:59,0.0,1,0,86,0,86.0,86.0,86.0,0.0,0.0,0.0,0.0,0.0,0,0,0.0,0.0,0.0,0.0,0,0.0,0.0,0.0,0.0,0.0,0.0,0.0,0.0,0.0,0,0,0,0,8,0,0,0,86,86,86.0,0.0,0.0,1,0,0,0,0,0,0,0.0,86.0,0.0,0.0,0.0,0.0,0.0,0.0,0,0,1,8,0.0,0.0,0.0,0.0,0.0,0.0,0.0,0.0,0
192.168.0.1,44059,224.0.0.251,5353,17,2024-05-13 15:00:59,0.0,1,0,86,0,86.0,86.0,86.0,0.0,0.0,0.0,0.0,0.0,0,0,0.0,0.0,0.0,0.0,0,0.0,0.0,0.0,0.0,0.0,0.0,0.0,0.0,0.0,0,0,0,0,8,0,0,0,86,86,86.0,0.0,0.0,1,0,0,0,0,0,0,0.0,86.0,0.0,0.0,0.0,0.0,0.0,0.0,0,0,1,8,0.0,0.0,0.0,0.0,0.0,0.0,0.0,0.0,0
192.168.0.1,56549,224.0.0.251,5353,17,2024-05-13 15:01:10,0.0,1,0,86,0,86.0,86.0,86.0,0.0,0.0,0.0,0.0,0.0,0,0,0.0,0.0,0.0,0.0,0,0.0,0.0,0.0,0.0,0.0,0.0,0.0,0.0,0.0,0,0,0,0,8,0,0,0,86,86,86.0,0.0,0.0,1,0,0,0,0,0,0,0.0,86.0,0.0,0.0,0.0,0.0,0.0,0.0,0,0,1,8,0.0,0.0,0.0,0.0,0.0,0.0,0.0,0.0,0
192.168.0.1,44063,224.0.0.251,5353,17,2024-05-13 15:01:10,0.0,1,0,86,0,86.0,86.0,86.0,0.0,0.0,0.0,0.0,0.0,0,0,0.0,0.0,0.0,0.0,0,0.0,0.0,0.0,0.0,0.0,0.0,0.0,0.0,0.0,0,0,0,0,8,0,0,0,86,86,86.0,0.0,0.0,1,0,0,0,0,0,0,0.0,86.0,0.0,0.0,0.0,0.0,0.0,0.0,0,0,1,8,0.0,0.0,0.0,0.0,0.0,0.0,0.0,0.0,0
192.168.0.185,33832,239.255.255.250,1900,17,2024-05-13 15:00:18,59699030.63774109,30,0,5010,0,167.0,167.0,167.0,0.0,0.0,0.0,0.0,0.0,83.92096063336632,0.502520722355487,2058587.2633703824,174988.1371490497,2867052.3166656494,1945137.2623443604,59699030.63774109,2058587.2633703824,174988.1371490497,2867052.3166656494,1945137.2623443604,0.0,0.0,0.0,0.0,0.0,0,0,0,0,240,0,0.502520722355487,0.0,167,167,167.0,0.0,0.0,1,0,0,0,0,0,0,0.0,167.0,0.0,0.0,0.0,0.0,0.0,0.0,0,0,30,8,215078.18698883057,252697.27756979727,921514.9879455566,101581.81190490723,322968.1895329402,560582.7293887183,2150209.1884613037,101541.51916503906,0
192.168.0.1,59253,239.255.255.250,1900,17,2024-05-13 15:00:30,90008786.43989563,27,0,12795,0,502.0,422.0,473.8888888888889,26.660184397313635,0.0,0.0,0.0,0.0,142.15278870073428,0.29997071472605125,3461876.4015344474,9582564.836504223,29996974.94506836,0.0,90008786.43989563,3461876.4015344474,9582564.836504223,29996974.94506836,0.0,0.0,0.0,0.0,0.0,0.0,0,0,0,0,216,0,0.29997071472605125,0.0,422,502,473.8888888888889,26.660184397313635,710.7654320987654,1,0,0,0,0,0,0,0.0,473.8888888888889,3760.3333333333335,8.666666666666666,462381.32554162474,0.0,0.0,0.0,0,0,27,8,0.0,0.0,0.0,0.0,0.0,0.0,0.0,0.0,0
192.168.0.185,57621,192.168.0.255,57621,17,2024-05-13 15:00:17,63078127.14576721,4,0,328,0,82.0,82.0,82.0,0.0,0.0,0.0,0.0,0.0,5.199900739633962,0.06341342365407271,21026042.381922405,12695526.58897275,30003237.7243042,3071856.4987182617,63078127.14576721,21026042.381922405,12695526.58897275,30003237.7243042,3071856.4987182617,0.0,0.0,0.0,0.0,0.0,0,0,0,0,32,0,0.06341342365407271,0.0,82,82,82.0,0.0,0.0,1,0,0,0,0,0,0,0.0,82.0,0.0,0.0,0.0,0.0,0.0,0.0,0,0,4,8,0.0,0.0,0.0,0.0,15001516.461372375,11929659.962654114,26931176.42402649,3071856.4987182617,0
192.168.0.1,51756,224.0.0.251,5353,17,2024-05-13 15:01:30,0.0,1,0,86,0,86.0,86.0,86.0,0.0,0.0,0.0,0.0,0.0,0,0,0.0,0.0,0.0,0.0,0,0.0,0.0,0.0,0.0,0.0,0.0,0.0,0.0,0.0,0,0,0,0,8,0,0,0,86,86,86.0,0.0,0.0,1,0,0,0,0,0,0,0.0,86.0,0.0,0.0,0.0,0.0,0.0,0.0,0,0,1,8,0.0,0.0,0.0,0.0,0.0,0.0,0.0,0.0,0
192.168.0.1,46938,224.0.0.251,5353,17,2024-05-13 15:01:30,0.0,1,0,86,0,86.0,86.0,86.0,0.0,0.0,0.0,0.0,0.0,0,0,0.0,0.0,0.0,0.0,0,0.0,0.0,0.0,0.0,0.0,0.0,0.0,0.0,0.0,0,0,0,0,8,0,0,0,86,86,86.0,0.0,0.0,1,0,0,0,0,0,0,0.0,86.0,0.0,0.0,0.0,0.0,0.0,0.0,0,0,1,8,0.0,0.0,0.0,0.0,0.0,0.0,0.0,0.0,0
192.168.0.1,58134,224.0.0.251,5353,17,2024-05-13 15:01:30,0.0,1,0,86,0,86.0,86.0,86.0,0.0,0.0,0.0,0.0,0.0,0,0,0.0,0.0,0.0,0.0,0,0.0,0.0,0.0,0.0,0.0,0.0,0.0,0.0,0.0,0,0,0,0,8,0,0,0,86,86,86.0,0.0,0.0,1,0,0,0,0,0,0,0.0,86.0,0.0,0.0,0.0,0.0,0.0,0.0,0,0,1,8,0.0,0.0,0.0,0.0,0.0,0.0,0.0,0.0,0
192.168.0.1,40220,224.0.0.251,5353,17,2024-05-13 15:01:30,0.0,1,0,86,0,86.0,86.0,86.0,0.0,0.0,0.0,0.0,0.0,0,0,0.0,0.0,0.0,0.0,0,0.0,0.0,0.0,0.0,0.0,0.0,0.0,0.0,0.0,0,0,0,0,8,0,0,0,86,86,86.0,0.0,0.0,1,0,0,0,0,0,0,0.0,86.0,0.0,0.0,0.0,0.0,0.0,0.0,0,0,1,8,0.0,0.0,0.0,0.0,0.0,0.0,0.0,0.0,0
192.168.0.185,5353,224.0.0.251,5353,17,2024-05-13 15:01:10,33893794.536590576,5,0,640,0,292.0,87.0,128.0,82.0,0.0,0.0,0.0,0.0,18.88251252922059,0.14751962913453587,8473448.634147644,12336142.455991926,29798145.055770874,102343.32084655762,33893794.536590576,8473448.634147644,12336142.455991926,29798145.055770874,102343.32084655762,0.0,0.0,0.0,0.0,0.0,0,0,0,0,40,0,0.14751962913453587,0.0,87,292,128.0,82.0,6724.0,1,0,0,0,0,0,0,0.0,128.0,0.0,0.0,0.0,0.0,0.0,0.0,0,0,5,8,0.0,0.0,0.0,0.0,14952923.41709137,12902419.447898865,27855342.864990234,2050503.9691925049,0
192.168.0.1,55797,224.0.0.251,5353,17,2024-05-13 15:01:40,0.0,1,0,86,0,86.0,86.0,86.0,0.0,0.0,0.0,0.0,0.0,0,0,0.0,0.0,0.0,0.0,0,0.0,0.0,0.0,0.0,0.0,0.0,0.0,0.0,0.0,0,0,0,0,8,0,0,0,86,86,86.0,0.0,0.0,1,0,0,0,0,0,0,0.0,86.0,0.0,0.0,0.0,0.0,0.0,0.0,0,0,1,8,0.0,0.0,0.0,0.0,0.0,0.0,0.0,0.0,0
192.168.0.1,37376,224.0.0.251,5353,17,2024-05-13 15:01:40,0.0,1,0,86,0,86.0,86.0,86.0,0.0,0.0,0.0,0.0,0.0,0,0,0.0,0.0,0.0,0.0,0,0.0,0.0,0.0,0.0,0.0,0.0,0.0,0.0,0.0,0,0,0,0,8,0,0,0,86,86,86.0,0.0,0.0,1,0,0,0,0,0,0,0.0,86.0,0.0,0.0,0.0,0.0,0.0,0.0,0,0,1,8,0.0,0.0,0.0,0.0,0.0,0.0,0.0,0.0,0
192.168.0.1,43307,224.0.0.251,5353,17,2024-05-13 15:01:51,0.0,1,0,86,0,86.0,86.0,86.0,0.0,0.0,0.0,0.0,0.0,0,0,0.0,0.0,0.0,0.0,0,0.0,0.0,0.0,0.0,0.0,0.0,0.0,0.0,0.0,0,0,0,0,8,0,0,0,86,86,86.0,0.0,0.0,1,0,0,0,0,0,0,0.0,86.0,0.0,0.0,0.0,0.0,0.0,0.0,0,0,1,8,0.0,0.0,0.0,0.0,0.0,0.0,0.0,0.0,0
192.168.0.1,33600,224.0.0.251,5353,17,2024-05-13 15:01:51,0.0,1,0,86,0,86.0,86.0,86.0,0.0,0.0,0.0,0.0,0.0,0,0,0.0,0.0,0.0,0.0,0,0.0,0.0,0.0,0.0,0.0,0.0,0.0,0.0,0.0,0,0,0,0,8,0,0,0,86,86,86.0,0.0,0.0,1,0,0,0,0,0,0,0.0,86.0,0.0,0.0,0.0,0.0,0.0,0.0,0,0,1,8,0.0,0.0,0.0,0.0,0.0,0.0,0.0,0.0,0
192.168.0.1,32942,224.0.0.251,5353,17,2024-05-13 15:01:51,0.0,1,0,86,0,86.0,86.0,86.0,0.0,0.0,0.0,0.0,0.0,0,0,0.0,0.0,0.0,0.0,0,0.0,0.0,0.0,0.0,0.0,0.0,0.0,0.0,0.0,0,0,0,0,8,0,0,0,86,86,86.0,0.0,0.0,1,0,0,0,0,0,0,0.0,86.0,0.0,0.0,0.0,0.0,0.0,0.0,0,0,1,8,0.0,0.0,0.0,0.0,0.0,0.0,0.0,0.0,0
192.168.0.1,60913,224.0.0.251,5353,17,2024-05-13 15:01:51,0.0,1,0,86,0,86.0,86.0,86.0,0.0,0.0,0.0,0.0,0.0,0,0,0.0,0.0,0.0,0.0,0,0.0,0.0,0.0,0.0,0.0,0.0,0.0,0.0,0.0,0,0,0,0,8,0,0,0,86,86,86.0,0.0,0.0,1,0,0,0,0,0,0,0.0,86.0,0.0,0.0,0.0,0.0,0.0,0.0,0,0,1,8,0.0,0.0,0.0,0.0,0.0,0.0,0.0,0.0,0
192.168.0.1,33659,224.0.0.251,5353,17,2024-05-13 15:02:01,0.0,1,0,86,0,86.0,86.0,86.0,0.0,0.0,0.0,0.0,0.0,0,0,0.0,0.0,0.0,0.0,0,0.0,0.0,0.0,0.0,0.0,0.0,0.0,0.0,0.0,0,0,0,0,8,0,0,0,86,86,86.0,0.0,0.0,1,0,0,0,0,0,0,0.0,86.0,0.0,0.0,0.0,0.0,0.0,0.0,0,0,1,8,0.0,0.0,0.0,0.0,0.0,0.0,0.0,0.0,0
192.168.0.1,44941,224.0.0.251,5353,17,2024-05-13 15:02:01,0.0,1,0,86,0,86.0,86.0,86.0,0.0,0.0,0.0,0.0,0.0,0,0,0.0,0.0,0.0,0.0,0,0.0,0.0,0.0,0.0,0.0,0.0,0.0,0.0,0.0,0,0,0,0,8,0,0,0,86,86,86.0,0.0,0.0,1,0,0,0,0,0,0,0.0,86.0,0.0,0.0,0.0,0.0,0.0,0.0,0,0,1,8,0.0,0.0,0.0,0.0,0.0,0.0,0.0,0.0,0
192.168.0.134,57089,239.255.255.250,1900,17,2024-05-13 15:02:02,3071976.1848449707,4,0,868,0,217.0,217.0,217.0,0.0,0.0,0.0,0.0,0.0,282.5542737870555,1.3020934275901175,1023992.0616149902,284.53363754564435,1024337.7685546875,1023640.8710479736,3071976.1848449707,1023992.0616149902,284.53363754564435,1024337.7685546875,1023640.8710479736,0.0,0.0,0.0,0.0,0.0,0,0,0,0,32,0,1.3020934275901175,0.0,217,217,217.0,0.0,0.0,0,0,0,0,0,0,0,0.0,217.0,0.0,0.0,0.0,0.0,0.0,0.0,0,0,4,8,0.0,0.0,0.0,0.0,0.0,0.0,0.0,0.0,0
192.168.0.1,35781,224.0.0.251,5353,17,2024-05-13 15:02:11,0.0,1,0,86,0,86.0,86.0,86.0,0.0,0.0,0.0,0.0,0.0,0,0,0.0,0.0,0.0,0.0,0,0.0,0.0,0.0,0.0,0.0,0.0,0.0,0.0,0.0,0,0,0,0,8,0,0,0,86,86,86.0,0.0,0.0,1,0,0,0,0,0,0,0.0,86.0,0.0,0.0,0.0,0.0,0.0,0.0,0,0,1,8,0.0,0.0,0.0,0.0,0.0,0.0,0.0,0.0,0
192.168.0.1,45896,224.0.0.251,5353,17,2024-05-13 15:02:11,0.0,1,0,86,0,86.0,86.0,86.0,0.0,0.0,0.0,0.0,0.0,0,0,0.0,0.0,0.0,0.0,0,0.0,0.0,0.0,0.0,0.0,0.0,0.0,0.0,0.0,0,0,0,0,8,0,0,0,86,86,86.0,0.0,0.0,1,0,0,0,0,0,0,0.0,86.0,0.0,0.0,0.0,0.0,0.0,0.0,0,0,1,8,0.0,0.0,0.0,0.0,0.0,0.0,0.0,0.0,0
192.168.0.180,5353,224.0.0.251,5353,17,2024-05-13 15:01:35,100044198.513031,6,0,714,0,119.0,119.0,119.0,0.0,0.0,0.0,0.0,0.0,7.136845620358483,0.05997349260805448,20008839.7026062,49239.260049155346,20070501.32751465,19967313.766479492,100044198.513031,20008839.7026062,49239.260049155346,20070501.32751465,19967313.766479492,0.0,0.0,0.0,0.0,0.0,0,0,0,0,48,0,0.05997349260805448,0.0,119,119,119.0,0.0,0.0,1,0,0,0,0,0,0,0.0,119.0,0.0,0.0,0.0,0.0,0.0,0.0,0,0,6,8,50205.94596862793,49584.62715148926,99790.57312011719,621.3188171386719,6722716.490427653,9365784.224436821,19967935.08529663,97026.82495117188,0
192.168.0.1,43822,224.0.0.251,5353,17,2024-05-13 15:02:31,0.0,1,0,86,0,86.0,86.0,86.0,0.0,0.0,0.0,0.0,0.0,0,0,0.0,0.0,0.0,0.0,0,0.0,0.0,0.0,0.0,0.0,0.0,0.0,0.0,0.0,0,0,0,0,8,0,0,0,86,86,86.0,0.0,0.0,1,0,0,0,0,0,0,0.0,86.0,0.0,0.0,0.0,0.0,0.0,0.0,0,0,1,8,0.0,0.0,0.0,0.0,0.0,0.0,0.0,0.0,0
192.168.0.1,52694,224.0.0.251,5353,17,2024-05-13 15:02:32,0.0,1,0,86,0,86.0,86.0,86.0,0.0,0.0,0.0,0.0,0.0,0,0,0.0,0.0,0.0,0.0,0,0.0,0.0,0.0,0.0,0.0,0.0,0.0,0.0,0.0,0,0,0,0,8,0,0,0,86,86,86.0,0.0,0.0,1,0,0,0,0,0,0,0.0,86.0,0.0,0.0,0.0,0.0,0.0,0.0,0,0,1,8,0.0,0.0,0.0,0.0,0.0,0.0,0.0,0.0,0
192.168.0.1,60231,224.0.0.251,5353,17,2024-05-13 15:02:32,0.0,1,0,86,0,86.0,86.0,86.0,0.0,0.0,0.0,0.0,0.0,0,0,0.0,0.0,0.0,0.0,0,0.0,0.0,0.0,0.0,0.0,0.0,0.0,0.0,0.0,0,0,0,0,8,0,0,0,86,86,86.0,0.0,0.0,1,0,0,0,0,0,0,0.0,86.0,0.0,0.0,0.0,0.0,0.0,0.0,0,0,1,8,0.0,0.0,0.0,0.0,0.0,0.0,0.0,0.0,0
192.168.0.1,51467,224.0.0.251,5353,17,2024-05-13 15:02:32,0.0,1,0,86,0,86.0,86.0,86.0,0.0,0.0,0.0,0.0,0.0,0,0,0.0,0.0,0.0,0.0,0,0.0,0.0,0.0,0.0,0.0,0.0,0.0,0.0,0.0,0,0,0,0,8,0,0,0,86,86,86.0,0.0,0.0,1,0,0,0,0,0,0,0.0,86.0,0.0,0.0,0.0,0.0,0.0,0.0,0,0,1,8,0.0,0.0,0.0,0.0,0.0,0.0,0.0,0.0,0
192.168.0.1,53004,224.0.0.251,5353,17,2024-05-13 15:02:42,0.0,1,0,86,0,86.0,86.0,86.0,0.0,0.0,0.0,0.0,0.0,0,0,0.0,0.0,0.0,0.0,0,0.0,0.0,0.0,0.0,0.0,0.0,0.0,0.0,0.0,0,0,0,0,8,0,0,0,86,86,86.0,0.0,0.0,1,0,0,0,0,0,0,0.0,86.0,0.0,0.0,0.0,0.0,0.0,0.0,0,0,1,8,0.0,0.0,0.0,0.0,0.0,0.0,0.0,0.0,0
192.168.0.1,49695,224.0.0.251,5353,17,2024-05-13 15:02:42,0.0,1,0,86,0,86.0,86.0,86.0,0.0,0.0,0.0,0.0,0.0,0,0,0.0,0.0,0.0,0.0,0,0.0,0.0,0.0,0.0,0.0,0.0,0.0,0.0,0.0,0,0,0,0,8,0,0,0,86,86,86.0,0.0,0.0,1,0,0,0,0,0,0,0.0,86.0,0.0,0.0,0.0,0.0,0.0,0.0,0,0,1,8,0.0,0.0,0.0,0.0,0.0,0.0,0.0,0.0,0
192.168.0.1,59253,239.255.255.250,1900,17,2024-05-13 15:02:00,90009046.79298401,27,0,12795,0,502.0,422.0,473.8888888888889,26.660184397313635,0.0,0.0,0.0,0.0,142.15237752075984,0.29996984705435836,3461886.4151147697,9580843.29305444,29996962.785720825,0.0,90009046.79298401,3461886.4151147697,9580843.29305444,29996962.785720825,0.0,0.0,0.0,0.0,0.0,0.0,0,0,0,0,216,0,0.29996984705435836,0.0,422,502,473.8888888888889,26.660184397313635,710.7654320987654,1,0,0,0,0,0,0,0.0,473.8888888888889,3760.3333333333335,8.666666666666666,289755.679404272,0.0,0.0,0.0,0,0,27,8,0.0,0.0,0.0,0.0,0.0,0.0,0.0,0.0,0
192.168.0.149,58612,239.255.255.250,1900,17,2024-05-13 15:02:44,3001511.812210083,4,0,868,0,217.0,217.0,217.0,0.0,0.0,0.0,0.0,0.0,289.18760088465933,1.332661755228845,1000503.937403361,336.3862444388169,1000916.0041809082,1000092.0295715332,3001511.812210083,1000503.937403361,336.3862444388169,1000916.0041809082,1000092.0295715332,0.0,0.0,0.0,0.0,0.0,0,0,0,0,32,0,1.332661755228845,0.0,217,217,217.0,0.0,0.0,0,0,0,0,0,0,0,0.0,217.0,0.0,0.0,0.0,0.0,0.0,0.0,0,0,4,8,0.0,0.0,0.0,0.0,0.0,0.0,0.0,0.0,0
192.168.0.149,58615,239.255.255.250,1900,17,2024-05-13 15:02:44,3001843.214035034,4,0,868,0,217.0,217.0,217.0,0.0,0.0,0.0,0.0,0.0,289.1556747340068,1.3325146301106305,1000614.4046783447,421.20824069581073,1001086.7118835449,1000063.8961791992,3001843.214035034,1000614.4046783447,421.20824069581073,1001086.7118835449,1000063.8961791992,0.0,0.0,0.0,0.0,0.0,0,0,0,0,32,0,1.3325146301106305,0.0,217,217,217.0,0.0,0.0,0,0,0,0,0,0,0,0.0,217.0,0.0,0.0,0.0,0.0,0.0,0.0,0,0,4,8,0.0,0.0,0.0,0.0,0.0,0.0,0.0,0.0,0
192.168.0.1,53281,224.0.0.251,5353,17,2024-05-13 15:02:52,0.0,1,0,86,0,86.0,86.0,86.0,0.0,0.0,0.0,0.0,0.0,0,0,0.0,0.0,0.0,0.0,0,0.0,0.0,0.0,0.0,0.0,0.0,0.0,0.0,0.0,0,0,0,0,8,0,0,0,86,86,86.0,0.0,0.0,1,0,0,0,0,0,0,0.0,86.0,0.0,0.0,0.0,0.0,0.0,0.0,0,0,1,8,0.0,0.0,0.0,0.0,0.0,0.0,0.0,0.0,0
192.168.0.1,53029,224.0.0.251,5353,17,2024-05-13 15:02:52,0.0,1,0,86,0,86.0,86.0,86.0,0.0,0.0,0.0,0.0,0.0,0,0,0.0,0.0,0.0,0.0,0,0.0,0.0,0.0,0.0,0.0,0.0,0.0,0.0,0.0,0,0,0,0,8,0,0,0,86,86,86.0,0.0,0.0,1,0,0,0,0,0,0,0.0,86.0,0.0,0.0,0.0,0.0,0.0,0.0,0,0,1,8,0.0,0.0,0.0,0.0,0.0,0.0,0.0,0.0,0
192.168.0.1,54996,224.0.0.251,5353,17,2024-05-13 15:02:52,0.0,1,0,86,0,86.0,86.0,86.0,0.0,0.0,0.0,0.0,0.0,0,0,0.0,0.0,0.0,0.0,0,0.0,0.0,0.0,0.0,0.0,0.0,0.0,0.0,0.0,0,0,0,0,8,0,0,0,86,86,86.0,0.0,0.0,1,0,0,0,0,0,0,0.0,86.0,0.0,0.0,0.0,0.0,0.0,0.0,0,0,1,8,0.0,0.0,0.0,0.0,0.0,0.0,0.0,0.0,0
192.168.0.1,53115,224.0.0.251,5353,17,2024-05-13 15:02:52,0.0,1,0,86,0,86.0,86.0,86.0,0.0,0.0,0.0,0.0,0.0,0,0,0.0,0.0,0.0,0.0,0,0.0,0.0,0.0,0.0,0.0,0.0,0.0,0.0,0.0,0,0,0,0,8,0,0,0,86,86,86.0,0.0,0.0,1,0,0,0,0,0,0,0.0,86.0,0.0,0.0,0.0,0.0,0.0,0.0,0,0,1,8,0.0,0.0,0.0,0.0,0.0,0.0,0.0,0.0,0
192.168.0.117,47047,185.125.190.57,123,17,2024-05-13 15:02:53,158162.59384155273,1,1,90,90,90.0,90.0,90.0,0.0,90.0,90.0,90.0,0.0,1138.0693476759996,12.645214974177774,0.0,0.0,0.0,0.0,0,0.0,0.0,0.0,0.0,0.0,0.0,0.0,0.0,0.0,0,0,0,0,8,8,6.322607487088887,6.322607487088887,90,90,90.0,0.0,0.0,1,0,0,0,0,0,0,1.0,90.0,0.0,0.0,0.0,0.0,0.0,0.0,0,0,1,8,0.0,0.0,0.0,0.0,0.0,0.0,0.0,0.0,0
192.168.0.117,38931,192.168.0.1,53,17,2024-05-13 15:02:56,16299.009323120117,1,1,100,436,100.0,100.0,100.0,0.0,436.0,436.0,436.0,0.0,32885.43428462765,122.70684434562556,0.0,0.0,0.0,0.0,0,0.0,0.0,0.0,0.0,0.0,0.0,0.0,0.0,0.0,0,0,0,0,8,8,61.35342217281278,61.35342217281278,100,436,268.0,168.0,28224.0,1,0,0,0,0,0,0,1.0,268.0,0.0,0.0,0.0,0.0,0.0,0.0,0,0,1,8,0.0,0.0,0.0,0.0,0.0,0.0,0.0,0.0,0
192.168.0.117,5353,224.0.0.251,5353,17,2024-05-13 15:02:56,0.0,1,0,87,0,87.0,87.0,87.0,0.0,0.0,0.0,0.0,0.0,0,0,0.0,0.0,0.0,0.0,0,0.0,0.0,0.0,0.0,0.0,0.0,0.0,0.0,0.0,0,0,0,0,8,0,0,0,87,87,87.0,0.0,0.0,1,0,0,0,0,0,0,0.0,87.0,0.0,0.0,0.0,0.0,0.0,0.0,0,0,1,8,0.0,0.0,0.0,0.0,0.0,0.0,0.0,0.0,0
192.168.0.1,52951,224.0.0.251,5353,17,2024-05-13 15:03:02,0.0,1,0,86,0,86.0,86.0,86.0,0.0,0.0,0.0,0.0,0.0,0,0,0.0,0.0,0.0,0.0,0,0.0,0.0,0.0,0.0,0.0,0.0,0.0,0.0,0.0,0,0,0,0,8,0,0,0,86,86,86.0,0.0,0.0,1,0,0,0,0,0,0,0.0,86.0,0.0,0.0,0.0,0.0,0.0,0.0,0,0,1,8,0.0,0.0,0.0,0.0,0.0,0.0,0.0,0.0,0
192.168.0.1,57239,224.0.0.251,5353,17,2024-05-13 15:03:02,0.0,1,0,86,0,86.0,86.0,86.0,0.0,0.0,0.0,0.0,0.0,0,0,0.0,0.0,0.0,0.0,0,0.0,0.0,0.0,0.0,0.0,0.0,0.0,0.0,0.0,0,0,0,0,8,0,0,0,86,86,86.0,0.0,0.0,1,0,0,0,0,0,0,0.0,86.0,0.0,0.0,0.0,0.0,0.0,0.0,0,0,1,8,0.0,0.0,0.0,0.0,0.0,0.0,0.0,0.0,0
192.168.0.1,40586,224.0.0.251,5353,17,2024-05-13 15:03:12,0.0,1,0,86,0,86.0,86.0,86.0,0.0,0.0,0.0,0.0,0.0,0,0,0.0,0.0,0.0,0.0,0,0.0,0.0,0.0,0.0,0.0,0.0,0.0,0.0,0.0,0,0,0,0,8,0,0,0,86,86,86.0,0.0,0.0,1,0,0,0,0,0,0,0.0,86.0,0.0,0.0,0.0,0.0,0.0,0.0,0,0,1,8,0.0,0.0,0.0,0.0,0.0,0.0,0.0,0.0,0
192.168.0.1,34663,224.0.0.251,5353,17,2024-05-13 15:03:12,0.0,1,0,86,0,86.0,86.0,86.0,0.0,0.0,0.0,0.0,0.0,0,0,0.0,0.0,0.0,0.0,0,0.0,0.0,0.0,0.0,0.0,0.0,0.0,0.0,0.0,0,0,0,0,8,0,0,0,86,86,86.0,0.0,0.0,1,0,0,0,0,0,0,0.0,86.0,0.0,0.0,0.0,0.0,0.0,0.0,0,0,1,8,0.0,0.0,0.0,0.0,0.0,0.0,0.0,0.0,0
192.168.0.1,46972,224.0.0.251,5353,17,2024-05-13 15:03:33,0.0,1,0,86,0,86.0,86.0,86.0,0.0,0.0,0.0,0.0,0.0,0,0,0.0,0.0,0.0,0.0,0,0.0,0.0,0.0,0.0,0.0,0.0,0.0,0.0,0.0,0,0,0,0,8,0,0,0,86,86,86.0,0.0,0.0,1,0,0,0,0,0,0,0.0,86.0,0.0,0.0,0.0,0.0,0.0,0.0,0,0,1,8,0.0,0.0,0.0,0.0,0.0,0.0,0.0,0.0,0
192.168.0.1,43751,224.0.0.251,5353,17,2024-05-13 15:03:33,0.0,1,0,86,0,86.0,86.0,86.0,0.0,0.0,0.0,0.0,0.0,0,0,0.0,0.0,0.0,0.0,0,0.0,0.0,0.0,0.0,0.0,0.0,0.0,0.0,0.0,0,0,0,0,8,0,0,0,86,86,86.0,0.0,0.0,1,0,0,0,0,0,0,0.0,86.0,0.0,0.0,0.0,0.0,0.0,0.0,0,0,1,8,0.0,0.0,0.0,0.0,0.0,0.0,0.0,0.0,0
192.168.0.1,42411,224.0.0.251,5353,17,2024-05-13 15:03:33,0.0,1,0,86,0,86.0,86.0,86.0,0.0,0.0,0.0,0.0,0.0,0,0,0.0,0.0,0.0,0.0,0,0.0,0.0,0.0,0.0,0.0,0.0,0.0,0.0,0.0,0,0,0,0,8,0,0,0,86,86,86.0,0.0,0.0,1,0,0,0,0,0,0,0.0,86.0,0.0,0.0,0.0,0.0,0.0,0.0,0,0,1,8,0.0,0.0,0.0,0.0,0.0,0.0,0.0,0.0,0
192.168.0.1,48602,224.0.0.251,5353,17,2024-05-13 15:03:33,0.0,1,0,86,0,86.0,86.0,86.0,0.0,0.0,0.0,0.0,0.0,0,0,0.0,0.0,0.0,0.0,0,0.0,0.0,0.0,0.0,0.0,0.0,0.0,0.0,0.0,0,0,0,0,8,0,0,0,86,86,86.0,0.0,0.0,1,0,0,0,0,0,0,0.0,86.0,0.0,0.0,0.0,0.0,0.0,0.0,0,0,1,8,0.0,0.0,0.0,0.0,0.0,0.0,0.0,0.0,0
192.168.0.1,48713,224.0.0.251,5353,17,2024-05-13 15:03:43,0.0,1,0,86,0,86.0,86.0,86.0,0.0,0.0,0.0,0.0,0.0,0,0,0.0,0.0,0.0,0.0,0,0.0,0.0,0.0,0.0,0.0,0.0,0.0,0.0,0.0,0,0,0,0,8,0,0,0,86,86,86.0,0.0,0.0,1,0,0,0,0,0,0,0.0,86.0,0.0,0.0,0.0,0.0,0.0,0.0,0,0,1,8,0.0,0.0,0.0,0.0,0.0,0.0,0.0,0.0,0
192.168.0.1,39208,224.0.0.251,5353,17,2024-05-13 15:03:43,0.0,1,0,86,0,86.0,86.0,86.0,0.0,0.0,0.0,0.0,0.0,0,0,0.0,0.0,0.0,0.0,0,0.0,0.0,0.0,0.0,0.0,0.0,0.0,0.0,0.0,0,0,0,0,8,0,0,0,86,86,86.0,0.0,0.0,1,0,0,0,0,0,0,0.0,86.0,0.0,0.0,0.0,0.0,0.0,0.0,0,0,1,8,0.0,0.0,0.0,0.0,0.0,0.0,0.0,0.0,0
192.168.0.185,5353,224.0.0.251,5353,17,2024-05-13 15:02:57,49357807.15942383,9,0,2130,0,292.0,126.0,236.66666666666666,78.25315045131127,0.0,0.0,0.0,0.0,43.15426722909674,0.182341974207451,6169725.8949279785,8678749.51949307,24064290.285110474,204651.5941619873,49357807.15942383,6169725.8949279785,8678749.51949307,24064290.285110474,204651.5941619873,0.0,0.0,0.0,0.0,0.0,0,0,0,0,72,0,0.182341974207451,0.0,126,292,236.66666666666666,78.25315045131127,6123.555555555557,1,0,0,0,0,0,0,0.0,236.66666666666666,502.0,4.0,700.3318181666993,0.0,0.0,0.0,0,0,9,8,0.0,0.0,0.0,0.0,4812858.057022095,4810957.8647663025,13517193.31741333,1023931.0264587402,0
192.168.0.1,44251,224.0.0.251,5353,17,2024-05-13 15:03:53,0.0,1,0,86,0,86.0,86.0,86.0,0.0,0.0,0.0,0.0,0.0,0,0,0.0,0.0,0.0,0.0,0,0.0,0.0,0.0,0.0,0.0,0.0,0.0,0.0,0.0,0,0,0,0,8,0,0,0,86,86,86.0,0.0,0.0,1,0,0,0,0,0,0,0.0,86.0,0.0,0.0,0.0,0.0,0.0,0.0,0,0,1,8,0.0,0.0,0.0,0.0,0.0,0.0,0.0,0.0,0
192.168.0.1,58263,224.0.0.251,5353,17,2024-05-13 15:03:53,0.0,1,0,86,0,86.0,86.0,86.0,0.0,0.0,0.0,0.0,0.0,0,0,0.0,0.0,0.0,0.0,0,0.0,0.0,0.0,0.0,0.0,0.0,0.0,0.0,0.0,0,0,0,0,8,0,0,0,86,86,86.0,0.0,0.0,1,0,0,0,0,0,0,0.0,86.0,0.0,0.0,0.0,0.0,0.0,0.0,0,0,1,8,0.0,0.0,0.0,0.0,0.0,0.0,0.0,0.0,0
192.168.0.1,51019,224.0.0.251,5353,17,2024-05-13 15:03:53,0.0,1,0,86,0,86.0,86.0,86.0,0.0,0.0,0.0,0.0,0.0,0,0,0.0,0.0,0.0,0.0,0,0.0,0.0,0.0,0.0,0.0,0.0,0.0,0.0,0.0,0,0,0,0,8,0,0,0,86,86,86.0,0.0,0.0,1,0,0,0,0,0,0,0.0,86.0,0.0,0.0,0.0,0.0,0.0,0.0,0,0,1,8,0.0,0.0,0.0,0.0,0.0,0.0,0.0,0.0,0
192.168.0.1,45021,224.0.0.251,5353,17,2024-05-13 15:03:53,0.0,1,0,86,0,86.0,86.0,86.0,0.0,0.0,0.0,0.0,0.0,0,0,0.0,0.0,0.0,0.0,0,0.0,0.0,0.0,0.0,0.0,0.0,0.0,0.0,0.0,0,0,0,0,8,0,0,0,86,86,86.0,0.0,0.0,1,0,0,0,0,0,0,0.0,86.0,0.0,0.0,0.0,0.0,0.0,0.0,0,0,1,8,0.0,0.0,0.0,0.0,0.0,0.0,0.0,0.0,0
192.168.0.134,58629,239.255.255.250,1900,17,2024-05-13 15:04:02,2969706.5353393555,4,0,868,0,217.0,217.0,217.0,0.0,0.0,0.0,0.0,0.0,292.2847728120084,1.3469344369216976,989902.1784464518,48460.43063621084,1024245.5005645752,921368.8373565674,2969706.5353393555,989902.1784464518,48460.43063621084,1024245.5005645752,921368.8373565674,0.0,0.0,0.0,0.0,0.0,0,0,0,0,32,0,1.3469344369216976,0.0,217,217,217.0,0.0,0.0,0,0,0,0,0,0,0,0.0,217.0,0.0,0.0,0.0,0.0,0.0,0.0,0,0,4,8,0.0,0.0,0.0,0.0,0.0,0.0,0.0,0.0,0
192.168.0.1,37340,224.0.0.251,5353,17,2024-05-13 15:04:04,0.0,1,0,86,0,86.0,86.0,86.0,0.0,0.0,0.0,0.0,0.0,0,0,0.0,0.0,0.0,0.0,0,0.0,0.0,0.0,0.0,0.0,0.0,0.0,0.0,0.0,0,0,0,0,8,0,0,0,86,86,86.0,0.0,0.0,1,0,0,0,0,0,0,0.0,86.0,0.0,0.0,0.0,0.0,0.0,0.0,0,0,1,8,0.0,0.0,0.0,0.0,0.0,0.0,0.0,0.0,0
192.168.0.1,56693,224.0.0.251,5353,17,2024-05-13 15:04:04,0.0,1,0,86,0,86.0,86.0,86.0,0.0,0.0,0.0,0.0,0.0,0,0,0.0,0.0,0.0,0.0,0,0.0,0.0,0.0,0.0,0.0,0.0,0.0,0.0,0.0,0,0,0,0,8,0,0,0,86,86,86.0,0.0,0.0,1,0,0,0,0,0,0,0.0,86.0,0.0,0.0,0.0,0.0,0.0,0.0,0,0,1,8,0.0,0.0,0.0,0.0,0.0,0.0,0.0,0.0,0
192.168.0.1,60016,224.0.0.251,5353,17,2024-05-13 15:04:14,0.0,1,0,86,0,86.0,86.0,86.0,0.0,0.0,0.0,0.0,0.0,0,0,0.0,0.0,0.0,0.0,0,0.0,0.0,0.0,0.0,0.0,0.0,0.0,0.0,0.0,0,0,0,0,8,0,0,0,86,86,86.0,0.0,0.0,1,0,0,0,0,0,0,0.0,86.0,0.0,0.0,0.0,0.0,0.0,0.0,0,0,1,8,0.0,0.0,0.0,0.0,0.0,0.0,0.0,0.0,0
192.168.0.1,54923,224.0.0.251,5353,17,2024-05-13 15:04:14,0.0,1,0,86,0,86.0,86.0,86.0,0.0,0.0,0.0,0.0,0.0,0,0,0.0,0.0,0.0,0.0,0,0.0,0.0,0.0,0.0,0.0,0.0,0.0,0.0,0.0,0,0,0,0,8,0,0,0,86,86,86.0,0.0,0.0,1,0,0,0,0,0,0,0.0,86.0,0.0,0.0,0.0,0.0,0.0,0.0,0,0,1,8,0.0,0.0,0.0,0.0,0.0,0.0,0.0,0.0,0
192.168.0.1,59253,239.255.255.250,1900,17,2024-05-13 15:03:30,90008878.23104858,27,0,12795,0,502.0,422.0,473.8888888888889,26.660184397313635,0.0,0.0,0.0,0.0,142.1526437331641,0.2999704088155866,3461879.931963407,9583371.772575498,29997601.03225708,0.0,90008878.23104858,3461879.931963407,9583371.772575498,29997601.03225708,0.0,0.0,0.0,0.0,0.0,0.0,0,0,0,0,216,0,0.2999704088155866,0.0,422,502,473.8888888888889,26.660184397313635,710.7654320987654,1,0,0,0,0,0,0,0.0,473.8888888888889,3760.3333333333335,8.666666666666666,634687.3698725688,0.0,0.0,0.0,0,0,27,8,0.0,0.0,0.0,0.0,0.0,0.0,0.0,0.0,0
192.168.0.134,5353,224.0.0.251,5353,17,2024-05-13 15:04:18,1023610.3534698486,2,0,170,0,85.0,85.0,85.0,0.0,0.0,0.0,0.0,0.0,166.0788203477345,1.9538684746792294,0.0,0.0,0.0,0.0,0,0.0,0.0,0.0,0.0,0.0,0.0,0.0,0.0,0.0,0,0,0,0,16,0,1.9538684746792294,0.0,85,85,85.0,0.0,0.0,0,0,0,0,0,0,0,0.0,85.0,0.0,0.0,0.0,0.0,0.0,0.0,0,0,2,8,0.0,0.0,0.0,0.0,0.0,0.0,0.0,0.0,0
192.168.0.180,5353,224.0.0.251,5353,17,2024-05-13 15:03:35,100044963.12141418,6,0,714,0,119.0,119.0,119.0,0.0,0.0,0.0,0.0,0.0,7.136791075963438,0.059973034251793594,20008992.624282837,50159.84883596793,20070452.213287354,19967729.330062866,100044963.12141418,20008992.624282837,50159.84883596793,20070452.213287354,19967729.330062866,0.0,0.0,0.0,0.0,0.0,0,0,0,0,48,0,0.059973034251793594,0.0,119,119,119.0,0.0,0.0,1,0,0,0,0,0,0,0.0,119.0,0.0,0.0,0.0,0.0,0.0,0.0,0,0,6,8,51396.01230621338,51272.98831939697,102669.00062561035,123.02398681640625,6724414.745966594,9364807.936145397,19968253.135681152,102268.21899414062,0
192.168.0.117,60450,192.168.0.1,53,17,2024-05-13 15:04:26,18080.23452758789,1,1,100,292,100.0,100.0,100.0,0.0,292.0,292.0,292.0,0.0,21681.134688925813,110.6180341271725,0.0,0.0,0.0,0.0,0,0.0,0.0,0.0,0.0,0.0,0.0,0.0,0.0,0.0,0,0,0,0,8,8,55.30901706358625,55.30901706358625,100,292,196.0,96.0,9216.0,1,0,0,0,0,0,0,1.0,196.0,0.0,0.0,0.0,0.0,0.0,0.0,0,0,1,8,0.0,0.0,0.0,0.0,0.0,0.0,0.0,0.0,0
192.168.0.117,57936,91.189.91.96,80,6,2024-05-13 15:04:26,715666.7709350586,5,4,425,457,153.0,66.0,85.0,34.140884581393024,251.0,66.0,114.25,79.02017147538974,1232.4171469462215,12.575685172920629,89441.47825241089,114800.33683028123,243528.8429260254,-134.94491577148438,472137.9280090332,118034.4820022583,116728.63468561877,235291.9578552246,794.8875427246094,481525.182723999,160508.394241333,113536.35676633172,244458.67538452148,0.476837158203125,0,0,0,0,100,80,6.986491762733682,5.589193410186946,66,251,98.0,60.28266749240614,3634.0,1,0,0,0,0,0,0,0.8,98.0,0.0,0.0,0.0,0.0,0.0,0.0,64240,509,1,20,0.0,0.0,0.0,0.0,0.0,0.0,0.0,0.0,0
192.168.0.185,5353,224.0.0.251,5353,17,2024-05-13 15:04:32,0.0,1,0,292,0,292.0,292.0,292.0,0.0,0.0,0.0,0.0,0.0,0,0,0.0,0.0,0.0,0.0,0,0.0,0.0,0.0,0.0,0.0,0.0,0.0,0.0,0.0,0,0,0,0,8,0,0,0,292,292,292.0,0.0,0.0,1,0,0,0,0,0,0,0.0,292.0,0.0,0.0,0.0,0.0,0.0,0.0,0,0,1,8,0.0,0.0,0.0,0.0,0.0,0.0,0.0,0.0,0
192.168.0.1,59959,224.0.0.251,5353,17,2024-05-13 15:04:34,0.0,1,0,86,0,86.0,86.0,86.0,0.0,0.0,0.0,0.0,0.0,0,0,0.0,0.0,0.0,0.0,0,0.0,0.0,0.0,0.0,0.0,0.0,0.0,0.0,0.0,0,0,0,0,8,0,0,0,86,86,86.0,0.0,0.0,1,0,0,0,0,0,0,0.0,86.0,0.0,0.0,0.0,0.0,0.0,0.0,0,0,1,8,0.0,0.0,0.0,0.0,0.0,0.0,0.0,0.0,0
192.168.0.1,59570,224.0.0.251,5353,17,2024-05-13 15:04:34,0.0,1,0,86,0,86.0,86.0,86.0,0.0,0.0,0.0,0.0,0.0,0,0,0.0,0.0,0.0,0.0,0,0.0,0.0,0.0,0.0,0.0,0.0,0.0,0.0,0.0,0,0,0,0,8,0,0,0,86,86,86.0,0.0,0.0,1,0,0,0,0,0,0,0.0,86.0,0.0,0.0,0.0,0.0,0.0,0.0,0,0,1,8,0.0,0.0,0.0,0.0,0.0,0.0,0.0,0.0,0
192.168.0.1,35909,224.0.0.251,5353,17,2024-05-13 15:04:34,0.0,1,0,86,0,86.0,86.0,86.0,0.0,0.0,0.0,0.0,0.0,0,0,0.0,0.0,0.0,0.0,0,0.0,0.0,0.0,0.0,0.0,0.0,0.0,0.0,0.0,0,0,0,0,8,0,0,0,86,86,86.0,0.0,0.0,1,0,0,0,0,0,0,0.0,86.0,0.0,0.0,0.0,0.0,0.0,0.0,0,0,1,8,0.0,0.0,0.0,0.0,0.0,0.0,0.0,0.0,0
192.168.0.1,52829,224.0.0.251,5353,17,2024-05-13 15:04:34,0.0,1,0,86,0,86.0,86.0,86.0,0.0,0.0,0.0,0.0,0.0,0,0,0.0,0.0,0.0,0.0,0,0.0,0.0,0.0,0.0,0.0,0.0,0.0,0.0,0.0,0,0,0,0,8,0,0,0,86,86,86.0,0.0,0.0,1,0,0,0,0,0,0,0.0,86.0,0.0,0.0,0.0,0.0,0.0,0.0,0,0,1,8,0.0,0.0,0.0,0.0,0.0,0.0,0.0,0.0,0
192.168.0.149,54894,239.255.255.250,1900,17,2024-05-13 15:04:44,3001963.3769989014,4,0,868,0,217.0,217.0,217.0,0.0,0.0,0.0,0.0,0.0,289.1441003746521,1.3324612920490881,1000654.4589996338,391.61817455485254,1000976.5625,1000103.235244751,3001963.3769989014,1000654.4589996338,391.61817455485254,1000976.5625,1000103.235244751,0.0,0.0,0.0,0.0,0.0,0,0,0,0,32,0,1.3324612920490881,0.0,217,217,217.0,0.0,0.0,0,0,0,0,0,0,0,0.0,217.0,0.0,0.0,0.0,0.0,0.0,0.0,0,0,4,8,0.0,0.0,0.0,0.0,0.0,0.0,0.0,0.0,0
192.168.0.149,54897,239.255.255.250,1900,17,2024-05-13 15:04:44,3002887.24899292,4,0,868,0,217.0,217.0,217.0,0.0,0.0,0.0,0.0,0.0,289.05514194417447,1.3320513453648593,1000962.4163309733,8034.267574715889,1010844.4690704346,991165.1611328125,3002887.24899292,1000962.4163309733,8034.267574715889,1010844.4690704346,991165.1611328125,0.0,0.0,0.0,0.0,0.0,0,0,0,0,32,0,1.3320513453648593,0.0,217,217,217.0,0.0,0.0,0,0,0,0,0,0,0,0.0,217.0,0.0,0.0,0.0,0.0,0.0,0.0,0,0,4,8,0.0,0.0,0.0,0.0,505422.2345352173,495455.38425445557,1000877.6187896729,9966.850280761719,0
192.168.0.1,50882,224.0.0.251,5353,17,2024-05-13 15:04:44,0.0,1,0,86,0,86.0,86.0,86.0,0.0,0.0,0.0,0.0,0.0,0,0,0.0,0.0,0.0,0.0,0,0.0,0.0,0.0,0.0,0.0,0.0,0.0,0.0,0.0,0,0,0,0,8,0,0,0,86,86,86.0,0.0,0.0,1,0,0,0,0,0,0,0.0,86.0,0.0,0.0,0.0,0.0,0.0,0.0,0,0,1,8,0.0,0.0,0.0,0.0,0.0,0.0,0.0,0.0,0
192.168.0.1,55889,224.0.0.251,5353,17,2024-05-13 15:04:44,0.0,1,0,86,0,86.0,86.0,86.0,0.0,0.0,0.0,0.0,0.0,0,0,0.0,0.0,0.0,0.0,0,0.0,0.0,0.0,0.0,0.0,0.0,0.0,0.0,0.0,0,0,0,0,8,0,0,0,86,86,86.0,0.0,0.0,1,0,0,0,0,0,0,0.0,86.0,0.0,0.0,0.0,0.0,0.0,0.0,0,0,1,8,0.0,0.0,0.0,0.0,0.0,0.0,0.0,0.0,0
192.168.0.1,33790,224.0.0.251,5353,17,2024-05-13 15:04:55,0.0,1,0,86,0,86.0,86.0,86.0,0.0,0.0,0.0,0.0,0.0,0,0,0.0,0.0,0.0,0.0,0,0.0,0.0,0.0,0.0,0.0,0.0,0.0,0.0,0.0,0,0,0,0,8,0,0,0,86,86,86.0,0.0,0.0,1,0,0,0,0,0,0,0.0,86.0,0.0,0.0,0.0,0.0,0.0,0.0,0,0,1,8,0.0,0.0,0.0,0.0,0.0,0.0,0.0,0.0,0
192.168.0.1,59656,224.0.0.251,5353,17,2024-05-13 15:04:55,0.0,1,0,86,0,86.0,86.0,86.0,0.0,0.0,0.0,0.0,0.0,0,0,0.0,0.0,0.0,0.0,0,0.0,0.0,0.0,0.0,0.0,0.0,0.0,0.0,0.0,0,0,0,0,8,0,0,0,86,86,86.0,0.0,0.0,1,0,0,0,0,0,0,0.0,86.0,0.0,0.0,0.0,0.0,0.0,0.0,0,0,1,8,0.0,0.0,0.0,0.0,0.0,0.0,0.0,0.0,0
192.168.0.1,53821,224.0.0.251,5353,17,2024-05-13 15:04:55,0.0,1,0,86,0,86.0,86.0,86.0,0.0,0.0,0.0,0.0,0.0,0,0,0.0,0.0,0.0,0.0,0,0.0,0.0,0.0,0.0,0.0,0.0,0.0,0.0,0.0,0,0,0,0,8,0,0,0,86,86,86.0,0.0,0.0,1,0,0,0,0,0,0,0.0,86.0,0.0,0.0,0.0,0.0,0.0,0.0,0,0,1,8,0.0,0.0,0.0,0.0,0.0,0.0,0.0,0.0,0
192.168.0.1,37547,224.0.0.251,5353,17,2024-05-13 15:04:55,0.0,1,0,86,0,86.0,86.0,86.0,0.0,0.0,0.0,0.0,0.0,0,0,0.0,0.0,0.0,0.0,0,0.0,0.0,0.0,0.0,0.0,0.0,0.0,0.0,0.0,0,0,0,0,8,0,0,0,86,86,86.0,0.0,0.0,1,0,0,0,0,0,0,0.0,86.0,0.0,0.0,0.0,0.0,0.0,0.0,0,0,1,8,0.0,0.0,0.0,0.0,0.0,0.0,0.0,0.0,0
192.168.0.1,56796,224.0.0.251,5353,17,2024-05-13 15:05:05,0.0,1,0,86,0,86.0,86.0,86.0,0.0,0.0,0.0,0.0,0.0,0,0,0.0,0.0,0.0,0.0,0,0.0,0.0,0.0,0.0,0.0,0.0,0.0,0.0,0.0,0,0,0,0,8,0,0,0,86,86,86.0,0.0,0.0,1,0,0,0,0,0,0,0.0,86.0,0.0,0.0,0.0,0.0,0.0,0.0,0,0,1,8,0.0,0.0,0.0,0.0,0.0,0.0,0.0,0.0,0
192.168.0.1,54312,224.0.0.251,5353,17,2024-05-13 15:05:05,0.0,1,0,86,0,86.0,86.0,86.0,0.0,0.0,0.0,0.0,0.0,0,0,0.0,0.0,0.0,0.0,0,0.0,0.0,0.0,0.0,0.0,0.0,0.0,0.0,0.0,0,0,0,0,8,0,0,0,86,86,86.0,0.0,0.0,1,0,0,0,0,0,0,0.0,86.0,0.0,0.0,0.0,0.0,0.0,0.0,0,0,1,8,0.0,0.0,0.0,0.0,0.0,0.0,0.0,0.0,0
192.168.0.1,39252,224.0.0.251,5353,17,2024-05-13 15:05:15,0.0,1,0,86,0,86.0,86.0,86.0,0.0,0.0,0.0,0.0,0.0,0,0,0.0,0.0,0.0,0.0,0,0.0,0.0,0.0,0.0,0.0,0.0,0.0,0.0,0.0,0,0,0,0,8,0,0,0,86,86,86.0,0.0,0.0,1,0,0,0,0,0,0,0.0,86.0,0.0,0.0,0.0,0.0,0.0,0.0,0,0,1,8,0.0,0.0,0.0,0.0,0.0,0.0,0.0,0.0,0
192.168.0.1,51606,224.0.0.251,5353,17,2024-05-13 15:05:15,0.0,1,0,86,0,86.0,86.0,86.0,0.0,0.0,0.0,0.0,0.0,0,0,0.0,0.0,0.0,0.0,0,0.0,0.0,0.0,0.0,0.0,0.0,0.0,0.0,0.0,0,0,0,0,8,0,0,0,86,86,86.0,0.0,0.0,1,0,0,0,0,0,0,0.0,86.0,0.0,0.0,0.0,0.0,0.0,0.0,0,0,1,8,0.0,0.0,0.0,0.0,0.0,0.0,0.0,0.0,0
192.168.0.1,42158,224.0.0.251,5353,17,2024-05-13 15:05:35,0.0,1,0,86,0,86.0,86.0,86.0,0.0,0.0,0.0,0.0,0.0,0,0,0.0,0.0,0.0,0.0,0,0.0,0.0,0.0,0.0,0.0,0.0,0.0,0.0,0.0,0,0,0,0,8,0,0,0,86,86,86.0,0.0,0.0,1,0,0,0,0,0,0,0.0,86.0,0.0,0.0,0.0,0.0,0.0,0.0,0,0,1,8,0.0,0.0,0.0,0.0,0.0,0.0,0.0,0.0,0
192.168.0.1,35919,224.0.0.251,5353,17,2024-05-13 15:05:35,0.0,1,0,86,0,86.0,86.0,86.0,0.0,0.0,0.0,0.0,0.0,0,0,0.0,0.0,0.0,0.0,0,0.0,0.0,0.0,0.0,0.0,0.0,0.0,0.0,0.0,0,0,0,0,8,0,0,0,86,86,86.0,0.0,0.0,1,0,0,0,0,0,0,0.0,86.0,0.0,0.0,0.0,0.0,0.0,0.0,0,0,1,8,0.0,0.0,0.0,0.0,0.0,0.0,0.0,0.0,0
192.168.0.1,54182,224.0.0.251,5353,17,2024-05-13 15:05:35,0.0,1,0,86,0,86.0,86.0,86.0,0.0,0.0,0.0,0.0,0.0,0,0,0.0,0.0,0.0,0.0,0,0.0,0.0,0.0,0.0,0.0,0.0,0.0,0.0,0.0,0,0,0,0,8,0,0,0,86,86,86.0,0.0,0.0,1,0,0,0,0,0,0,0.0,86.0,0.0,0.0,0.0,0.0,0.0,0.0,0,0,1,8,0.0,0.0,0.0,0.0,0.0,0.0,0.0,0.0,0
192.168.0.1,58505,224.0.0.251,5353,17,2024-05-13 15:05:35,0.0,1,0,86,0,86.0,86.0,86.0,0.0,0.0,0.0,0.0,0.0,0,0,0.0,0.0,0.0,0.0,0,0.0,0.0,0.0,0.0,0.0,0.0,0.0,0.0,0.0,0,0,0,0,8,0,0,0,86,86,86.0,0.0,0.0,1,0,0,0,0,0,0,0.0,86.0,0.0,0.0,0.0,0.0,0.0,0.0,0,0,1,8,0.0,0.0,0.0,0.0,0.0,0.0,0.0,0.0,0
192.168.0.1,59253,239.255.255.250,1900,17,2024-05-13 15:05:00,90007545.70960999,27,0,12795,0,502.0,422.0,473.8888888888889,26.660184397313635,0.0,0.0,0.0,0.0,142.1547482394456,0.29997484974326155,3461828.6811388456,9581854.545024913,29996921.30088806,0.0,90007545.70960999,3461828.6811388456,9581854.545024913,29996921.30088806,0.0,0.0,0.0,0.0,0.0,0.0,0,0,0,0,216,0,0.29997484974326155,0.0,422,502,473.8888888888889,26.660184397313635,710.7654320987654,1,0,0,0,0,0,0,0.0,473.8888888888889,3760.3333333333335,8.666666666666666,386299.9014083357,0.0,0.0,0.0,0,0,27,8,0.0,0.0,0.0,0.0,14998202.800750732,14986813.306808472,29985016.107559204,11389.493942260742,0
192.168.0.1,56408,224.0.0.251,5353,17,2024-05-13 15:05:46,0.0,1,0,86,0,86.0,86.0,86.0,0.0,0.0,0.0,0.0,0.0,0,0,0.0,0.0,0.0,0.0,0,0.0,0.0,0.0,0.0,0.0,0.0,0.0,0.0,0.0,0,0,0,0,8,0,0,0,86,86,86.0,0.0,0.0,1,0,0,0,0,0,0,0.0,86.0,0.0,0.0,0.0,0.0,0.0,0.0,0,0,1,8,0.0,0.0,0.0,0.0,0.0,0.0,0.0,0.0,0
192.168.0.1,38689,224.0.0.251,5353,17,2024-05-13 15:05:46,0.0,1,0,86,0,86.0,86.0,86.0,0.0,0.0,0.0,0.0,0.0,0,0,0.0,0.0,0.0,0.0,0,0.0,0.0,0.0,0.0,0.0,0.0,0.0,0.0,0.0,0,0,0,0,8,0,0,0,86,86,86.0,0.0,0.0,1,0,0,0,0,0,0,0.0,86.0,0.0,0.0,0.0,0.0,0.0,0.0,0,0,1,8,0.0,0.0,0.0,0.0,0.0,0.0,0.0,0.0,0
192.168.0.1,32796,224.0.0.251,5353,17,2024-05-13 15:05:56,0.0,1,0,86,0,86.0,86.0,86.0,0.0,0.0,0.0,0.0,0.0,0,0,0.0,0.0,0.0,0.0,0,0.0,0.0,0.0,0.0,0.0,0.0,0.0,0.0,0.0,0,0,0,0,8,0,0,0,86,86,86.0,0.0,0.0,1,0,0,0,0,0,0,0.0,86.0,0.0,0.0,0.0,0.0,0.0,0.0,0,0,1,8,0.0,0.0,0.0,0.0,0.0,0.0,0.0,0.0,0
192.168.0.1,40096,224.0.0.251,5353,17,2024-05-13 15:05:56,0.0,1,0,86,0,86.0,86.0,86.0,0.0,0.0,0.0,0.0,0.0,0,0,0.0,0.0,0.0,0.0,0,0.0,0.0,0.0,0.0,0.0,0.0,0.0,0.0,0.0,0,0,0,0,8,0,0,0,86,86,86.0,0.0,0.0,1,0,0,0,0,0,0,0.0,86.0,0.0,0.0,0.0,0.0,0.0,0.0,0,0,1,8,0.0,0.0,0.0,0.0,0.0,0.0,0.0,0.0,0
192.168.0.1,36428,224.0.0.251,5353,17,2024-05-13 15:05:56,0.0,1,0,86,0,86.0,86.0,86.0,0.0,0.0,0.0,0.0,0.0,0,0,0.0,0.0,0.0,0.0,0,0.0,0.0,0.0,0.0,0.0,0.0,0.0,0.0,0.0,0,0,0,0,8,0,0,0,86,86,86.0,0.0,0.0,1,0,0,0,0,0,0,0.0,86.0,0.0,0.0,0.0,0.0,0.0,0.0,0,0,1,8,0.0,0.0,0.0,0.0,0.0,0.0,0.0,0.0,0
192.168.0.1,56667,224.0.0.251,5353,17,2024-05-13 15:05:56,0.0,1,0,86,0,86.0,86.0,86.0,0.0,0.0,0.0,0.0,0.0,0,0,0.0,0.0,0.0,0.0,0,0.0,0.0,0.0,0.0,0.0,0.0,0.0,0.0,0.0,0,0,0,0,8,0,0,0,86,86,86.0,0.0,0.0,1,0,0,0,0,0,0,0.0,86.0,0.0,0.0,0.0,0.0,0.0,0.0,0,0,1,8,0.0,0.0,0.0,0.0,0.0,0.0,0.0,0.0,0
192.168.0.134,54614,239.255.255.250,1900,17,2024-05-13 15:06:02,2969481.4682006836,4,0,868,0,217.0,217.0,217.0,0.0,0.0,0.0,0.0,0.0,292.3069260728381,1.3470365256812817,989827.1560668945,48232.51758260287,1023946.5236663818,921616.0774230957,2969481.4682006836,989827.1560668945,48232.51758260287,1023946.5236663818,921616.0774230957,0.0,0.0,0.0,0.0,0.0,0,0,0,0,32,0,1.3470365256812817,0.0,217,217,217.0,0.0,0.0,0,0,0,0,0,0,0,0.0,217.0,0.0,0.0,0.0,0.0,0.0,0.0,0,0,4,8,0.0,0.0,0.0,0.0,0.0,0.0,0.0,0.0,0
192.168.0.1,56461,224.0.0.251,5353,17,2024-05-13 15:06:06,0.0,1,0,86,0,86.0,86.0,86.0,0.0,0.0,0.0,0.0,0.0,0,0,0.0,0.0,0.0,0.0,0,0.0,0.0,0.0,0.0,0.0,0.0,0.0,0.0,0.0,0,0,0,0,8,0,0,0,86,86,86.0,0.0,0.0,1,0,0,0,0,0,0,0.0,86.0,0.0,0.0,0.0,0.0,0.0,0.0,0,0,1,8,0.0,0.0,0.0,0.0,0.0,0.0,0.0,0.0,0
192.168.0.1,43138,224.0.0.251,5353,17,2024-05-13 15:06:06,0.0,1,0,86,0,86.0,86.0,86.0,0.0,0.0,0.0,0.0,0.0,0,0,0.0,0.0,0.0,0.0,0,0.0,0.0,0.0,0.0,0.0,0.0,0.0,0.0,0.0,0,0,0,0,8,0,0,0,86,86,86.0,0.0,0.0,1,0,0,0,0,0,0,0.0,86.0,0.0,0.0,0.0,0.0,0.0,0.0,0,0,1,8,0.0,0.0,0.0,0.0,0.0,0.0,0.0,0.0,0
192.168.0.180,5353,224.0.0.251,5353,17,2024-05-13 15:05:35,34914806.3659668,6,0,714,0,119.0,119.0,119.0,0.0,0.0,0.0,0.0,0.0,20.449776880216966,0.17184686453963838,6982961.273193359,8008330.086943417,19965425.968170166,102684.97467041016,34914806.3659668,6982961.273193359,8008330.086943417,19965425.968170166,102684.97467041016,0.0,0.0,0.0,0.0,0.0,0,0,0,0,48,0,0.17184686453963838,0.0,119,119,119.0,0.0,0.0,1,0,0,0,0,0,0,0.0,119.0,0.0,0.0,0.0,0.0,0.0,0.0,0,0,6,8,0.0,0.0,0.0,0.0,15867596.03023529,3071323.275566101,18938919.30580139,12796272.75466919,0
192.168.0.1,35651,224.0.0.251,5353,17,2024-05-13 15:06:16,0.0,1,0,86,0,86.0,86.0,86.0,0.0,0.0,0.0,0.0,0.0,0,0,0.0,0.0,0.0,0.0,0,0.0,0.0,0.0,0.0,0.0,0.0,0.0,0.0,0.0,0,0,0,0,8,0,0,0,86,86,86.0,0.0,0.0,1,0,0,0,0,0,0,0.0,86.0,0.0,0.0,0.0,0.0,0.0,0.0,0,0,1,8,0.0,0.0,0.0,0.0,0.0,0.0,0.0,0.0,0
192.168.0.1,35833,224.0.0.251,5353,17,2024-05-13 15:06:16,0.0,1,0,86,0,86.0,86.0,86.0,0.0,0.0,0.0,0.0,0.0,0,0,0.0,0.0,0.0,0.0,0,0.0,0.0,0.0,0.0,0.0,0.0,0.0,0.0,0.0,0,0,0,0,8,0,0,0,86,86,86.0,0.0,0.0,1,0,0,0,0,0,0,0.0,86.0,0.0,0.0,0.0,0.0,0.0,0.0,0,0,1,8,0.0,0.0,0.0,0.0,0.0,0.0,0.0,0.0,0
192.168.0.185,5353,224.0.0.251,5353,17,2024-05-13 15:06:12,35327476.263046265,14,0,3092,0,292.0,126.0,220.85714285714286,82.14869544469532,0.0,0.0,0.0,0.0,87.52394246838223,0.3962921069072934,2717498.1740804818,4372111.362356447,15974309.68284607,204746.00791931152,35327476.263046265,2717498.1740804818,4372111.362356447,15974309.68284607,204746.00791931152,0.0,0.0,0.0,0.0,0.0,0,0,0,0,112,0,0.3962921069072934,0.0,126,292,220.85714285714286,82.14869544469532,6748.408163265306,1,0,0,0,0,0,0,0.0,220.85714285714286,627.0,4.5,489.6008623494275,0.0,0.0,0.0,0,0,14,8,0.0,0.0,0.0,0.0,3337780.9047698975,2526149.2941359496,7989757.061004639,1023145.6756591797,0
192.168.0.1,49151,224.0.0.251,5353,17,2024-05-13 15:06:37,0.0,1,0,86,0,86.0,86.0,86.0,0.0,0.0,0.0,0.0,0.0,0,0,0.0,0.0,0.0,0.0,0,0.0,0.0,0.0,0.0,0.0,0.0,0.0,0.0,0.0,0,0,0,0,8,0,0,0,86,86,86.0,0.0,0.0,1,0,0,0,0,0,0,0.0,86.0,0.0,0.0,0.0,0.0,0.0,0.0,0,0,1,8,0.0,0.0,0.0,0.0,0.0,0.0,0.0,0.0,0
192.168.0.1,42474,224.0.0.251,5353,17,2024-05-13 15:06:37,0.0,1,0,86,0,86.0,86.0,86.0,0.0,0.0,0.0,0.0,0.0,0,0,0.0,0.0,0.0,0.0,0,0.0,0.0,0.0,0.0,0.0,0.0,0.0,0.0,0.0,0,0,0,0,8,0,0,0,86,86,86.0,0.0,0.0,1,0,0,0,0,0,0,0.0,86.0,0.0,0.0,0.0,0.0,0.0,0.0,0,0,1,8,0.0,0.0,0.0,0.0,0.0,0.0,0.0,0.0,0
192.168.0.1,50203,224.0.0.251,5353,17,2024-05-13 15:06:37,0.0,1,0,86,0,86.0,86.0,86.0,0.0,0.0,0.0,0.0,0.0,0,0,0.0,0.0,0.0,0.0,0,0.0,0.0,0.0,0.0,0.0,0.0,0.0,0.0,0.0,0,0,0,0,8,0,0,0,86,86,86.0,0.0,0.0,1,0,0,0,0,0,0,0.0,86.0,0.0,0.0,0.0,0.0,0.0,0.0,0,0,1,8,0.0,0.0,0.0,0.0,0.0,0.0,0.0,0.0,0
192.168.0.1,35092,224.0.0.251,5353,17,2024-05-13 15:06:37,0.0,1,0,86,0,86.0,86.0,86.0,0.0,0.0,0.0,0.0,0.0,0,0,0.0,0.0,0.0,0.0,0,0.0,0.0,0.0,0.0,0.0,0.0,0.0,0.0,0.0,0,0,0,0,8,0,0,0,86,86,86.0,0.0,0.0,1,0,0,0,0,0,0,0.0,86.0,0.0,0.0,0.0,0.0,0.0,0.0,0,0,1,8,0.0,0.0,0.0,0.0,0.0,0.0,0.0,0.0,0
192.168.0.149,53139,239.255.255.250,1900,17,2024-05-13 15:06:44,3001786.708831787,4,0,868,0,217.0,217.0,217.0,0.0,0.0,0.0,0.0,0.0,289.16111775903016,1.3325397131752543,1000595.5696105957,645.2258124859454,1001343.2502746582,999768.7339782715,3001786.708831787,1000595.5696105957,645.2258124859454,1001343.2502746582,999768.7339782715,0.0,0.0,0.0,0.0,0.0,0,0,0,0,32,0,1.3325397131752543,0.0,217,217,217.0,0.0,0.0,0,0,0,0,0,0,0,0.0,217.0,0.0,0.0,0.0,0.0,0.0,0.0,0,0,4,8,0.0,0.0,0.0,0.0,0.0,0.0,0.0,0.0,0
192.168.0.149,53142,239.255.255.250,1900,17,2024-05-13 15:06:44,3003333.806991577,4,0,868,0,217.0,217.0,217.0,0.0,0.0,0.0,0.0,0.0,289.0121630766947,1.3318532860677175,1001111.2689971924,682.7057902914381,1001935.4820251465,1000263.6909484863,3003333.806991577,1001111.2689971924,682.7057902914381,1001935.4820251465,1000263.6909484863,0.0,0.0,0.0,0.0,0.0,0,0,0,0,32,0,1.3318532860677175,0.0,217,217,217.0,0.0,0.0,0,0,0,0,0,0,0,0.0,217.0,0.0,0.0,0.0,0.0,0.0,0.0,0,0,4,8,0.0,0.0,0.0,0.0,0.0,0.0,0.0,0.0,0
192.168.0.1,57473,224.0.0.251,5353,17,2024-05-13 15:06:47,0.0,1,0,86,0,86.0,86.0,86.0,0.0,0.0,0.0,0.0,0.0,0,0,0.0,0.0,0.0,0.0,0,0.0,0.0,0.0,0.0,0.0,0.0,0.0,0.0,0.0,0,0,0,0,8,0,0,0,86,86,86.0,0.0,0.0,1,0,0,0,0,0,0,0.0,86.0,0.0,0.0,0.0,0.0,0.0,0.0,0,0,1,8,0.0,0.0,0.0,0.0,0.0,0.0,0.0,0.0,0
192.168.0.1,51607,224.0.0.251,5353,17,2024-05-13 15:06:47,0.0,1,0,86,0,86.0,86.0,86.0,0.0,0.0,0.0,0.0,0.0,0,0,0.0,0.0,0.0,0.0,0,0.0,0.0,0.0,0.0,0.0,0.0,0.0,0.0,0.0,0,0,0,0,8,0,0,0,86,86,86.0,0.0,0.0,1,0,0,0,0,0,0,0.0,86.0,0.0,0.0,0.0,0.0,0.0,0.0,0,0,1,8,0.0,0.0,0.0,0.0,0.0,0.0,0.0,0.0,0
192.168.0.1,42108,224.0.0.251,5353,17,2024-05-13 15:06:57,0.0,1,0,86,0,86.0,86.0,86.0,0.0,0.0,0.0,0.0,0.0,0,0,0.0,0.0,0.0,0.0,0,0.0,0.0,0.0,0.0,0.0,0.0,0.0,0.0,0.0,0,0,0,0,8,0,0,0,86,86,86.0,0.0,0.0,1,0,0,0,0,0,0,0.0,86.0,0.0,0.0,0.0,0.0,0.0,0.0,0,0,1,8,0.0,0.0,0.0,0.0,0.0,0.0,0.0,0.0,0
192.168.0.1,36742,224.0.0.251,5353,17,2024-05-13 15:06:57,0.0,1,0,86,0,86.0,86.0,86.0,0.0,0.0,0.0,0.0,0.0,0,0,0.0,0.0,0.0,0.0,0,0.0,0.0,0.0,0.0,0.0,0.0,0.0,0.0,0.0,0,0,0,0,8,0,0,0,86,86,86.0,0.0,0.0,1,0,0,0,0,0,0,0.0,86.0,0.0,0.0,0.0,0.0,0.0,0.0,0,0,1,8,0.0,0.0,0.0,0.0,0.0,0.0,0.0,0.0,0
192.168.0.1,52183,224.0.0.251,5353,17,2024-05-13 15:06:57,0.0,1,0,86,0,86.0,86.0,86.0,0.0,0.0,0.0,0.0,0.0,0,0,0.0,0.0,0.0,0.0,0,0.0,0.0,0.0,0.0,0.0,0.0,0.0,0.0,0.0,0,0,0,0,8,0,0,0,86,86,86.0,0.0,0.0,1,0,0,0,0,0,0,0.0,86.0,0.0,0.0,0.0,0.0,0.0,0.0,0,0,1,8,0.0,0.0,0.0,0.0,0.0,0.0,0.0,0.0,0
192.168.0.1,42569,224.0.0.251,5353,17,2024-05-13 15:06:57,0.0,1,0,86,0,86.0,86.0,86.0,0.0,0.0,0.0,0.0,0.0,0,0,0.0,0.0,0.0,0.0,0,0.0,0.0,0.0,0.0,0.0,0.0,0.0,0.0,0.0,0,0,0,0,8,0,0,0,86,86,86.0,0.0,0.0,1,0,0,0,0,0,0,0.0,86.0,0.0,0.0,0.0,0.0,0.0,0.0,0,0,1,8,0.0,0.0,0.0,0.0,0.0,0.0,0.0,0.0,0
192.168.0.1,47448,224.0.0.251,5353,17,2024-05-13 15:07:07,0.0,1,0,86,0,86.0,86.0,86.0,0.0,0.0,0.0,0.0,0.0,0,0,0.0,0.0,0.0,0.0,0,0.0,0.0,0.0,0.0,0.0,0.0,0.0,0.0,0.0,0,0,0,0,8,0,0,0,86,86,86.0,0.0,0.0,1,0,0,0,0,0,0,0.0,86.0,0.0,0.0,0.0,0.0,0.0,0.0,0,0,1,8,0.0,0.0,0.0,0.0,0.0,0.0,0.0,0.0,0
192.168.0.1,40360,224.0.0.251,5353,17,2024-05-13 15:07:07,0.0,1,0,86,0,86.0,86.0,86.0,0.0,0.0,0.0,0.0,0.0,0,0,0.0,0.0,0.0,0.0,0,0.0,0.0,0.0,0.0,0.0,0.0,0.0,0.0,0.0,0,0,0,0,8,0,0,0,86,86,86.0,0.0,0.0,1,0,0,0,0,0,0,0.0,86.0,0.0,0.0,0.0,0.0,0.0,0.0,0,0,1,8,0.0,0.0,0.0,0.0,0.0,0.0,0.0,0.0,0
192.168.0.1,59253,239.255.255.250,1900,17,2024-05-13 15:06:30,90008259.53483582,27,0,12795,0,502.0,422.0,473.8888888888889,26.660184397313635,0.0,0.0,0.0,0.0,142.15362085796096,0.29997247074364564,3461856.135955224,9583494.15291537,29997926.950454712,0.0,90008259.53483582,3461856.135955224,9583494.15291537,29997926.950454712,0.0,0.0,0.0,0.0,0.0,0.0,0,0,0,0,216,0,0.29997247074364564,0.0,422,502,473.8888888888889,26.660184397313635,710.7654320987654,1,0,0,0,0,0,0,0.0,473.8888888888889,3760.3333333333335,8.666666666666666,695925.0393293131,0.0,0.0,0.0,0,0,27,8,0.0,0.0,0.0,0.0,0.0,0.0,0.0,0.0,0
192.168.0.1,37943,224.0.0.251,5353,17,2024-05-13 15:07:18,0.0,1,0,86,0,86.0,86.0,86.0,0.0,0.0,0.0,0.0,0.0,0,0,0.0,0.0,0.0,0.0,0,0.0,0.0,0.0,0.0,0.0,0.0,0.0,0.0,0.0,0,0,0,0,8,0,0,0,86,86,86.0,0.0,0.0,1,0,0,0,0,0,0,0.0,86.0,0.0,0.0,0.0,0.0,0.0,0.0,0,0,1,8,0.0,0.0,0.0,0.0,0.0,0.0,0.0,0.0,0
192.168.0.1,47642,224.0.0.251,5353,17,2024-05-13 15:07:18,0.0,1,0,86,0,86.0,86.0,86.0,0.0,0.0,0.0,0.0,0.0,0,0,0.0,0.0,0.0,0.0,0,0.0,0.0,0.0,0.0,0.0,0.0,0.0,0.0,0.0,0,0,0,0,8,0,0,0,86,86,86.0,0.0,0.0,1,0,0,0,0,0,0,0.0,86.0,0.0,0.0,0.0,0.0,0.0,0.0,0,0,1,8,0.0,0.0,0.0,0.0,0.0,0.0,0.0,0.0,0
192.168.0.185,5353,224.0.0.251,5353,17,2024-05-13 15:07:33,0.0,1,0,292,0,292.0,292.0,292.0,0.0,0.0,0.0,0.0,0.0,0,0,0.0,0.0,0.0,0.0,0,0.0,0.0,0.0,0.0,0.0,0.0,0.0,0.0,0.0,0,0,0,0,8,0,0,0,292,292,292.0,0.0,0.0,1,0,0,0,0,0,0,0.0,292.0,0.0,0.0,0.0,0.0,0.0,0.0,0,0,1,8,0.0,0.0,0.0,0.0,0.0,0.0,0.0,0.0,0
192.168.0.1,36815,224.0.0.251,5353,17,2024-05-13 15:07:38,0.0,1,0,86,0,86.0,86.0,86.0,0.0,0.0,0.0,0.0,0.0,0,0,0.0,0.0,0.0,0.0,0,0.0,0.0,0.0,0.0,0.0,0.0,0.0,0.0,0.0,0,0,0,0,8,0,0,0,86,86,86.0,0.0,0.0,1,0,0,0,0,0,0,0.0,86.0,0.0,0.0,0.0,0.0,0.0,0.0,0,0,1,8,0.0,0.0,0.0,0.0,0.0,0.0,0.0,0.0,0
192.168.0.1,47118,224.0.0.251,5353,17,2024-05-13 15:07:38,0.0,1,0,86,0,86.0,86.0,86.0,0.0,0.0,0.0,0.0,0.0,0,0,0.0,0.0,0.0,0.0,0,0.0,0.0,0.0,0.0,0.0,0.0,0.0,0.0,0.0,0,0,0,0,8,0,0,0,86,86,86.0,0.0,0.0,1,0,0,0,0,0,0,0.0,86.0,0.0,0.0,0.0,0.0,0.0,0.0,0,0,1,8,0.0,0.0,0.0,0.0,0.0,0.0,0.0,0.0,0
192.168.0.1,43301,224.0.0.251,5353,17,2024-05-13 15:07:38,0.0,1,0,86,0,86.0,86.0,86.0,0.0,0.0,0.0,0.0,0.0,0,0,0.0,0.0,0.0,0.0,0,0.0,0.0,0.0,0.0,0.0,0.0,0.0,0.0,0.0,0,0,0,0,8,0,0,0,86,86,86.0,0.0,0.0,1,0,0,0,0,0,0,0.0,86.0,0.0,0.0,0.0,0.0,0.0,0.0,0,0,1,8,0.0,0.0,0.0,0.0,0.0,0.0,0.0,0.0,0
192.168.0.1,45886,224.0.0.251,5353,17,2024-05-13 15:07:38,0.0,1,0,86,0,86.0,86.0,86.0,0.0,0.0,0.0,0.0,0.0,0,0,0.0,0.0,0.0,0.0,0,0.0,0.0,0.0,0.0,0.0,0.0,0.0,0.0,0.0,0,0,0,0,8,0,0,0,86,86,86.0,0.0,0.0,1,0,0,0,0,0,0,0.0,86.0,0.0,0.0,0.0,0.0,0.0,0.0,0,0,1,8,0.0,0.0,0.0,0.0,0.0,0.0,0.0,0.0,0
192.168.0.1,57814,224.0.0.251,5353,17,2024-05-13 15:07:48,0.0,1,0,86,0,86.0,86.0,86.0,0.0,0.0,0.0,0.0,0.0,0,0,0.0,0.0,0.0,0.0,0,0.0,0.0,0.0,0.0,0.0,0.0,0.0,0.0,0.0,0,0,0,0,8,0,0,0,86,86,86.0,0.0,0.0,1,0,0,0,0,0,0,0.0,86.0,0.0,0.0,0.0,0.0,0.0,0.0,0,0,1,8,0.0,0.0,0.0,0.0,0.0,0.0,0.0,0.0,0
192.168.0.1,32781,224.0.0.251,5353,17,2024-05-13 15:07:48,0.0,1,0,86,0,86.0,86.0,86.0,0.0,0.0,0.0,0.0,0.0,0,0,0.0,0.0,0.0,0.0,0,0.0,0.0,0.0,0.0,0.0,0.0,0.0,0.0,0.0,0,0,0,0,8,0,0,0,86,86,86.0,0.0,0.0,1,0,0,0,0,0,0,0.0,86.0,0.0,0.0,0.0,0.0,0.0,0.0,0,0,1,8,0.0,0.0,0.0,0.0,0.0,0.0,0.0,0.0,0
192.168.0.117,48129,192.168.0.1,53,17,2024-05-13 15:07:56,15459.060668945312,1,1,100,436,100.0,100.0,100.0,0.0,436.0,436.0,436.0,0.0,34672.223072177665,129.3739666872301,0.0,0.0,0.0,0.0,0,0.0,0.0,0.0,0.0,0.0,0.0,0.0,0.0,0.0,0,0,0,0,8,8,64.68698334361505,64.68698334361505,100,436,268.0,168.0,28224.0,1,0,0,0,0,0,0,1.0,268.0,0.0,0.0,0.0,0.0,0.0,0.0,0,0,1,8,0.0,0.0,0.0,0.0,0.0,0.0,0.0,0.0,0
192.168.0.1,39720,224.0.0.251,5353,17,2024-05-13 15:07:58,0.0,1,0,86,0,86.0,86.0,86.0,0.0,0.0,0.0,0.0,0.0,0,0,0.0,0.0,0.0,0.0,0,0.0,0.0,0.0,0.0,0.0,0.0,0.0,0.0,0.0,0,0,0,0,8,0,0,0,86,86,86.0,0.0,0.0,1,0,0,0,0,0,0,0.0,86.0,0.0,0.0,0.0,0.0,0.0,0.0,0,0,1,8,0.0,0.0,0.0,0.0,0.0,0.0,0.0,0.0,0
192.168.0.1,58677,224.0.0.251,5353,17,2024-05-13 15:07:58,0.0,1,0,86,0,86.0,86.0,86.0,0.0,0.0,0.0,0.0,0.0,0,0,0.0,0.0,0.0,0.0,0,0.0,0.0,0.0,0.0,0.0,0.0,0.0,0.0,0.0,0,0,0,0,8,0,0,0,86,86,86.0,0.0,0.0,1,0,0,0,0,0,0,0.0,86.0,0.0,0.0,0.0,0.0,0.0,0.0,0,0,1,8,0.0,0.0,0.0,0.0,0.0,0.0,0.0,0.0,0
192.168.0.1,50033,224.0.0.251,5353,17,2024-05-13 15:07:58,0.0,1,0,86,0,86.0,86.0,86.0,0.0,0.0,0.0,0.0,0.0,0,0,0.0,0.0,0.0,0.0,0,0.0,0.0,0.0,0.0,0.0,0.0,0.0,0.0,0.0,0,0,0,0,8,0,0,0,86,86,86.0,0.0,0.0,1,0,0,0,0,0,0,0.0,86.0,0.0,0.0,0.0,0.0,0.0,0.0,0,0,1,8,0.0,0.0,0.0,0.0,0.0,0.0,0.0,0.0,0
192.168.0.134,57432,239.255.255.250,1900,17,2024-05-13 15:08:02,3072048.6640930176,4,0,868,0,217.0,217.0,217.0,0.0,0.0,0.0,0.0,0.0,282.5476074469236,1.30206270712868,1024016.2213643392,83685.7100538186,1126381.8740844727,921395.0634002686,3072048.6640930176,1024016.2213643392,83685.7100538186,1126381.8740844727,921395.0634002686,0.0,0.0,0.0,0.0,0.0,0,0,0,0,32,0,1.30206270712868,0.0,217,217,217.0,0.0,0.0,0,0,0,0,0,0,0,0.0,217.0,0.0,0.0,0.0,0.0,0.0,0.0,0,0,4,8,0.0,0.0,0.0,0.0,563190.9370422363,461080.78956604004,1024271.7266082764,102110.14747619629,0
192.168.0.1,53993,224.0.0.251,5353,17,2024-05-13 15:08:09,0.0,1,0,86,0,86.0,86.0,86.0,0.0,0.0,0.0,0.0,0.0,0,0,0.0,0.0,0.0,0.0,0,0.0,0.0,0.0,0.0,0.0,0.0,0.0,0.0,0.0,0,0,0,0,8,0,0,0,86,86,86.0,0.0,0.0,1,0,0,0,0,0,0,0.0,86.0,0.0,0.0,0.0,0.0,0.0,0.0,0,0,1,8,0.0,0.0,0.0,0.0,0.0,0.0,0.0,0.0,0
192.168.0.1,58547,224.0.0.251,5353,17,2024-05-13 15:08:09,0.0,1,0,86,0,86.0,86.0,86.0,0.0,0.0,0.0,0.0,0.0,0,0,0.0,0.0,0.0,0.0,0,0.0,0.0,0.0,0.0,0.0,0.0,0.0,0.0,0.0,0,0,0,0,8,0,0,0,86,86,86.0,0.0,0.0,1,0,0,0,0,0,0,0.0,86.0,0.0,0.0,0.0,0.0,0.0,0.0,0,0,1,8,0.0,0.0,0.0,0.0,0.0,0.0,0.0,0.0,0
192.168.0.1,57098,224.0.0.251,5353,17,2024-05-13 15:08:19,0.0,1,0,86,0,86.0,86.0,86.0,0.0,0.0,0.0,0.0,0.0,0,0,0.0,0.0,0.0,0.0,0,0.0,0.0,0.0,0.0,0.0,0.0,0.0,0.0,0.0,0,0,0,0,8,0,0,0,86,86,86.0,0.0,0.0,1,0,0,0,0,0,0,0.0,86.0,0.0,0.0,0.0,0.0,0.0,0.0,0,0,1,8,0.0,0.0,0.0,0.0,0.0,0.0,0.0,0.0,0
192.168.0.1,59674,224.0.0.251,5353,17,2024-05-13 15:08:19,0.0,1,0,86,0,86.0,86.0,86.0,0.0,0.0,0.0,0.0,0.0,0,0,0.0,0.0,0.0,0.0,0,0.0,0.0,0.0,0.0,0.0,0.0,0.0,0.0,0.0,0,0,0,0,8,0,0,0,86,86,86.0,0.0,0.0,1,0,0,0,0,0,0,0.0,86.0,0.0,0.0,0.0,0.0,0.0,0.0,0,0,1,8,0.0,0.0,0.0,0.0,0.0,0.0,0.0,0.0,0
192.168.0.1,46599,224.0.0.251,5353,17,2024-05-13 15:08:39,0.0,1,0,86,0,86.0,86.0,86.0,0.0,0.0,0.0,0.0,0.0,0,0,0.0,0.0,0.0,0.0,0,0.0,0.0,0.0,0.0,0.0,0.0,0.0,0.0,0.0,0,0,0,0,8,0,0,0,86,86,86.0,0.0,0.0,1,0,0,0,0,0,0,0.0,86.0,0.0,0.0,0.0,0.0,0.0,0.0,0,0,1,8,0.0,0.0,0.0,0.0,0.0,0.0,0.0,0.0,0
192.168.0.1,43431,224.0.0.251,5353,17,2024-05-13 15:08:39,0.0,1,0,86,0,86.0,86.0,86.0,0.0,0.0,0.0,0.0,0.0,0,0,0.0,0.0,0.0,0.0,0,0.0,0.0,0.0,0.0,0.0,0.0,0.0,0.0,0.0,0,0,0,0,8,0,0,0,86,86,86.0,0.0,0.0,1,0,0,0,0,0,0,0.0,86.0,0.0,0.0,0.0,0.0,0.0,0.0,0,0,1,8,0.0,0.0,0.0,0.0,0.0,0.0,0.0,0.0,0
192.168.0.1,45443,224.0.0.251,5353,17,2024-05-13 15:08:39,0.0,1,0,86,0,86.0,86.0,86.0,0.0,0.0,0.0,0.0,0.0,0,0,0.0,0.0,0.0,0.0,0,0.0,0.0,0.0,0.0,0.0,0.0,0.0,0.0,0.0,0,0,0,0,8,0,0,0,86,86,86.0,0.0,0.0,1,0,0,0,0,0,0,0.0,86.0,0.0,0.0,0.0,0.0,0.0,0.0,0,0,1,8,0.0,0.0,0.0,0.0,0.0,0.0,0.0,0.0,0
192.168.0.1,40388,224.0.0.251,5353,17,2024-05-13 15:08:39,0.0,1,0,86,0,86.0,86.0,86.0,0.0,0.0,0.0,0.0,0.0,0,0,0.0,0.0,0.0,0.0,0,0.0,0.0,0.0,0.0,0.0,0.0,0.0,0.0,0.0,0,0,0,0,8,0,0,0,86,86,86.0,0.0,0.0,1,0,0,0,0,0,0,0.0,86.0,0.0,0.0,0.0,0.0,0.0,0.0,0,0,1,8,0.0,0.0,0.0,0.0,0.0,0.0,0.0,0.0,0
192.168.0.1,59253,239.255.255.250,1900,17,2024-05-13 15:08:00,90006366.72973633,27,0,12795,0,502.0,422.0,473.8888888888889,26.660184397313635,0.0,0.0,0.0,0.0,142.15661030313296,0.2999787790687448,3461783.3357590893,9583382.848777123,29997243.16596985,0.0,90006366.72973633,3461783.3357590893,9583382.848777123,29997243.16596985,0.0,0.0,0.0,0.0,0.0,0.0,0,0,0,0,216,0,0.2999787790687448,0.0,422,502,473.8888888888889,26.660184397313635,710.7654320987654,1,0,0,0,0,0,0,0.0,473.8888888888889,3760.3333333333335,8.666666666666666,729677.5915490786,0.0,0.0,0.0,0,0,27,8,0.0,0.0,0.0,0.0,0.0,0.0,0.0,0.0,0
192.168.0.149,56440,239.255.255.250,1900,17,2024-05-13 15:08:44,3001654.624938965,4,0,868,0,217.0,217.0,217.0,0.0,0.0,0.0,0.0,0.0,289.17384191648955,1.332598349845574,1000551.5416463217,1203.5719109845509,1001770.01953125,998913.049697876,3001654.624938965,1000551.5416463217,1203.5719109845509,1001770.01953125,998913.049697876,0.0,0.0,0.0,0.0,0.0,0,0,0,0,32,0,1.332598349845574,0.0,217,217,217.0,0.0,0.0,0,0,0,0,0,0,0,0.0,217.0,0.0,0.0,0.0,0.0,0.0,0.0,0,0,4,8,0.0,0.0,0.0,0.0,0.0,0.0,0.0,0.0,0
192.168.0.149,56446,239.255.255.250,1900,17,2024-05-13 15:08:44,3002365.1123046875,4,0,868,0,217.0,217.0,217.0,0.0,0.0,0.0,0.0,0.0,289.1054110783023,1.3322830003608401,1000788.3707682291,215.03755157927944,1001046.4191436768,1000519.9909210205,3002365.1123046875,1000788.3707682291,215.03755157927944,1001046.4191436768,1000519.9909210205,0.0,0.0,0.0,0.0,0.0,0,0,0,0,32,0,1.3322830003608401,0.0,217,217,217.0,0.0,0.0,0,0,0,0,0,0,0,0.0,217.0,0.0,0.0,0.0,0.0,0.0,0.0,0,0,4,8,0.0,0.0,0.0,0.0,0.0,0.0,0.0,0.0,0
192.168.0.1,60880,224.0.0.251,5353,17,2024-05-13 15:08:50,0.0,1,0,86,0,86.0,86.0,86.0,0.0,0.0,0.0,0.0,0.0,0,0,0.0,0.0,0.0,0.0,0,0.0,0.0,0.0,0.0,0.0,0.0,0.0,0.0,0.0,0,0,0,0,8,0,0,0,86,86,86.0,0.0,0.0,1,0,0,0,0,0,0,0.0,86.0,0.0,0.0,0.0,0.0,0.0,0.0,0,0,1,8,0.0,0.0,0.0,0.0,0.0,0.0,0.0,0.0,0
192.168.0.1,34711,224.0.0.251,5353,17,2024-05-13 15:08:50,0.0,1,0,86,0,86.0,86.0,86.0,0.0,0.0,0.0,0.0,0.0,0,0,0.0,0.0,0.0,0.0,0,0.0,0.0,0.0,0.0,0.0,0.0,0.0,0.0,0.0,0,0,0,0,8,0,0,0,86,86,86.0,0.0,0.0,1,0,0,0,0,0,0,0.0,86.0,0.0,0.0,0.0,0.0,0.0,0.0,0,0,1,8,0.0,0.0,0.0,0.0,0.0,0.0,0.0,0.0,0
192.168.0.1,40027,224.0.0.251,5353,17,2024-05-13 15:09:00,0.0,1,0,86,0,86.0,86.0,86.0,0.0,0.0,0.0,0.0,0.0,0,0,0.0,0.0,0.0,0.0,0,0.0,0.0,0.0,0.0,0.0,0.0,0.0,0.0,0.0,0,0,0,0,8,0,0,0,86,86,86.0,0.0,0.0,1,0,0,0,0,0,0,0.0,86.0,0.0,0.0,0.0,0.0,0.0,0.0,0,0,1,8,0.0,0.0,0.0,0.0,0.0,0.0,0.0,0.0,0
192.168.0.1,45662,224.0.0.251,5353,17,2024-05-13 15:09:00,0.0,1,0,86,0,86.0,86.0,86.0,0.0,0.0,0.0,0.0,0.0,0,0,0.0,0.0,0.0,0.0,0,0.0,0.0,0.0,0.0,0.0,0.0,0.0,0.0,0.0,0,0,0,0,8,0,0,0,86,86,86.0,0.0,0.0,1,0,0,0,0,0,0,0.0,86.0,0.0,0.0,0.0,0.0,0.0,0.0,0,0,1,8,0.0,0.0,0.0,0.0,0.0,0.0,0.0,0.0,0
192.168.0.1,52974,224.0.0.251,5353,17,2024-05-13 15:09:00,0.0,1,0,86,0,86.0,86.0,86.0,0.0,0.0,0.0,0.0,0.0,0,0,0.0,0.0,0.0,0.0,0,0.0,0.0,0.0,0.0,0.0,0.0,0.0,0.0,0.0,0,0,0,0,8,0,0,0,86,86,86.0,0.0,0.0,1,0,0,0,0,0,0,0.0,86.0,0.0,0.0,0.0,0.0,0.0,0.0,0,0,1,8,0.0,0.0,0.0,0.0,0.0,0.0,0.0,0.0,0
192.168.0.1,45243,224.0.0.251,5353,17,2024-05-13 15:09:00,0.0,1,0,86,0,86.0,86.0,86.0,0.0,0.0,0.0,0.0,0.0,0,0,0.0,0.0,0.0,0.0,0,0.0,0.0,0.0,0.0,0.0,0.0,0.0,0.0,0.0,0,0,0,0,8,0,0,0,86,86,86.0,0.0,0.0,1,0,0,0,0,0,0,0.0,86.0,0.0,0.0,0.0,0.0,0.0,0.0,0,0,1,8,0.0,0.0,0.0,0.0,0.0,0.0,0.0,0.0,0
192.168.0.1,60198,224.0.0.251,5353,17,2024-05-13 15:09:10,0.0,1,0,86,0,86.0,86.0,86.0,0.0,0.0,0.0,0.0,0.0,0,0,0.0,0.0,0.0,0.0,0,0.0,0.0,0.0,0.0,0.0,0.0,0.0,0.0,0.0,0,0,0,0,8,0,0,0,86,86,86.0,0.0,0.0,1,0,0,0,0,0,0,0.0,86.0,0.0,0.0,0.0,0.0,0.0,0.0,0,0,1,8,0.0,0.0,0.0,0.0,0.0,0.0,0.0,0.0,0
192.168.0.1,38006,224.0.0.251,5353,17,2024-05-13 15:09:10,0.0,1,0,86,0,86.0,86.0,86.0,0.0,0.0,0.0,0.0,0.0,0,0,0.0,0.0,0.0,0.0,0,0.0,0.0,0.0,0.0,0.0,0.0,0.0,0.0,0.0,0,0,0,0,8,0,0,0,86,86,86.0,0.0,0.0,1,0,0,0,0,0,0,0.0,86.0,0.0,0.0,0.0,0.0,0.0,0.0,0,0,1,8,0.0,0.0,0.0,0.0,0.0,0.0,0.0,0.0,0
192.168.0.134,5353,224.0.0.251,5353,17,2024-05-13 15:09:20,1023540.9736633301,2,0,170,0,85.0,85.0,85.0,0.0,0.0,0.0,0.0,0.0,166.0900778515561,1.9540009159006597,0.0,0.0,0.0,0.0,0,0.0,0.0,0.0,0.0,0.0,0.0,0.0,0.0,0.0,0,0,0,0,16,0,1.9540009159006597,0.0,85,85,85.0,0.0,0.0,0,0,0,0,0,0,0,0.0,85.0,0.0,0.0,0.0,0.0,0.0,0.0,0,0,2,8,0.0,0.0,0.0,0.0,0.0,0.0,0.0,0.0,0
192.168.0.1,52016,224.0.0.251,5353,17,2024-05-13 15:09:20,0.0,1,0,86,0,86.0,86.0,86.0,0.0,0.0,0.0,0.0,0.0,0,0,0.0,0.0,0.0,0.0,0,0.0,0.0,0.0,0.0,0.0,0.0,0.0,0.0,0.0,0,0,0,0,8,0,0,0,86,86,86.0,0.0,0.0,1,0,0,0,0,0,0,0.0,86.0,0.0,0.0,0.0,0.0,0.0,0.0,0,0,1,8,0.0,0.0,0.0,0.0,0.0,0.0,0.0,0.0,0
192.168.0.1,52516,224.0.0.251,5353,17,2024-05-13 15:09:20,0.0,1,0,86,0,86.0,86.0,86.0,0.0,0.0,0.0,0.0,0.0,0,0,0.0,0.0,0.0,0.0,0,0.0,0.0,0.0,0.0,0.0,0.0,0.0,0.0,0.0,0,0,0,0,8,0,0,0,86,86,86.0,0.0,0.0,1,0,0,0,0,0,0,0.0,86.0,0.0,0.0,0.0,0.0,0.0,0.0,0,0,1,8,0.0,0.0,0.0,0.0,0.0,0.0,0.0,0.0,0
192.168.0.117,53806,192.168.0.1,53,17,2024-05-13 15:09:26,16871.45233154297,1,1,100,292,100.0,100.0,100.0,0.0,292.0,292.0,292.0,0.0,23234.514272794077,118.54344016731672,0.0,0.0,0.0,0.0,0,0.0,0.0,0.0,0.0,0.0,0.0,0.0,0.0,0.0,0,0,0,0,8,8,59.27172008365836,59.27172008365836,100,292,196.0,96.0,9216.0,1,0,0,0,0,0,0,1.0,196.0,0.0,0.0,0.0,0.0,0.0,0.0,0,0,1,8,0.0,0.0,0.0,0.0,0.0,0.0,0.0,0.0,0
192.168.0.117,52842,91.189.91.97,80,6,2024-05-13 15:09:26,704884.2906951904,6,4,491,457,153.0,66.0,81.83333333333333,31.960479067470537,251.0,66.0,114.25,79.02017147538974,1344.9015852871928,14.186725583198236,78010.32066345215,109531.39740592588,239766.35932922363,-2791.4047241210938,476024.6276855469,95204.92553710938,115308.83275966406,242558.24089050293,656.1279296875,474970.81756591797,158323.605855306,111981.05476896928,240643.50128173828,0.476837158203125,0,0,0,0,120,80,8.512035349918941,5.674690233279295,66,251,94.8,57.98930935957075,3362.7599999999998,1,0,0,0,0,0,0,0.6666666666666666,94.8,0.0,0.0,0.0,0.0,0.0,0.0,64240,509,1,20,0.0,0.0,0.0,0.0,0.0,0.0,0.0,0.0,0
192.168.0.185,5353,224.0.0.251,5353,17,2024-05-13 15:09:29,0.0,1,0,292,0,292.0,292.0,292.0,0.0,0.0,0.0,0.0,0.0,0,0,0.0,0.0,0.0,0.0,0,0.0,0.0,0.0,0.0,0.0,0.0,0.0,0.0,0.0,0,0,0,0,8,0,0,0,292,292,292.0,0.0,0.0,1,0,0,0,0,0,0,0.0,292.0,0.0,0.0,0.0,0.0,0.0,0.0,0,0,1,8,0.0,0.0,0.0,0.0,0.0,0.0,0.0,0.0,0
192.168.0.1,41684,224.0.0.251,5353,17,2024-05-13 15:09:41,0.0,1,0,86,0,86.0,86.0,86.0,0.0,0.0,0.0,0.0,0.0,0,0,0.0,0.0,0.0,0.0,0,0.0,0.0,0.0,0.0,0.0,0.0,0.0,0.0,0.0,0,0,0,0,8,0,0,0,86,86,86.0,0.0,0.0,1,0,0,0,0,0,0,0.0,86.0,0.0,0.0,0.0,0.0,0.0,0.0,0,0,1,8,0.0,0.0,0.0,0.0,0.0,0.0,0.0,0.0,0
192.168.0.1,46993,224.0.0.251,5353,17,2024-05-13 15:09:41,0.0,1,0,86,0,86.0,86.0,86.0,0.0,0.0,0.0,0.0,0.0,0,0,0.0,0.0,0.0,0.0,0,0.0,0.0,0.0,0.0,0.0,0.0,0.0,0.0,0.0,0,0,0,0,8,0,0,0,86,86,86.0,0.0,0.0,1,0,0,0,0,0,0,0.0,86.0,0.0,0.0,0.0,0.0,0.0,0.0,0,0,1,8,0.0,0.0,0.0,0.0,0.0,0.0,0.0,0.0,0
192.168.0.1,39787,224.0.0.251,5353,17,2024-05-13 15:09:41,0.0,1,0,86,0,86.0,86.0,86.0,0.0,0.0,0.0,0.0,0.0,0,0,0.0,0.0,0.0,0.0,0,0.0,0.0,0.0,0.0,0.0,0.0,0.0,0.0,0.0,0,0,0,0,8,0,0,0,86,86,86.0,0.0,0.0,1,0,0,0,0,0,0,0.0,86.0,0.0,0.0,0.0,0.0,0.0,0.0,0,0,1,8,0.0,0.0,0.0,0.0,0.0,0.0,0.0,0.0,0
192.168.0.1,57694,224.0.0.251,5353,17,2024-05-13 15:09:41,0.0,1,0,86,0,86.0,86.0,86.0,0.0,0.0,0.0,0.0,0.0,0,0,0.0,0.0,0.0,0.0,0,0.0,0.0,0.0,0.0,0.0,0.0,0.0,0.0,0.0,0,0,0,0,8,0,0,0,86,86,86.0,0.0,0.0,1,0,0,0,0,0,0,0.0,86.0,0.0,0.0,0.0,0.0,0.0,0.0,0,0,1,8,0.0,0.0,0.0,0.0,0.0,0.0,0.0,0.0,0
192.168.0.1,59253,239.255.255.250,1900,17,2024-05-13 15:09:30,90111717.93937683,27,0,12795,0,502.0,422.0,473.8888888888889,26.660184397313635,0.0,0.0,0.0,0.0,141.99041248562045,0.29962806855113344,3465835.3053606474,9594409.437015714,30100752.83050537,0.0,90111717.93937683,3465835.3053606474,9594409.437015714,30100752.83050537,0.0,0.0,0.0,0.0,0.0,0.0,0,0,0,0,216,0,0.29962806855113344,0.0,422,502,473.8888888888889,26.660184397313635,710.7654320987654,1,0,0,0,0,0,0,0.0,473.8888888888889,3760.3333333333335,8.666666666666666,656573.141247485,0.0,0.0,0.0,0,0,27,8,0.0,0.0,0.0,0.0,15050863.027572632,14946515.321731567,29997378.3493042,104347.70584106445,0
192.168.0.1,42111,224.0.0.251,5353,17,2024-05-13 15:09:51,0.0,1,0,86,0,86.0,86.0,86.0,0.0,0.0,0.0,0.0,0.0,0,0,0.0,0.0,0.0,0.0,0,0.0,0.0,0.0,0.0,0.0,0.0,0.0,0.0,0.0,0,0,0,0,8,0,0,0,86,86,86.0,0.0,0.0,1,0,0,0,0,0,0,0.0,86.0,0.0,0.0,0.0,0.0,0.0,0.0,0,0,1,8,0.0,0.0,0.0,0.0,0.0,0.0,0.0,0.0,0
192.168.0.1,58995,224.0.0.251,5353,17,2024-05-13 15:09:51,0.0,1,0,86,0,86.0,86.0,86.0,0.0,0.0,0.0,0.0,0.0,0,0,0.0,0.0,0.0,0.0,0,0.0,0.0,0.0,0.0,0.0,0.0,0.0,0.0,0.0,0,0,0,0,8,0,0,0,86,86,86.0,0.0,0.0,1,0,0,0,0,0,0,0.0,86.0,0.0,0.0,0.0,0.0,0.0,0.0,0,0,1,8,0.0,0.0,0.0,0.0,0.0,0.0,0.0,0.0,0
192.168.0.1,45971,224.0.0.251,5353,17,2024-05-13 15:10:01,0.0,1,0,86,0,86.0,86.0,86.0,0.0,0.0,0.0,0.0,0.0,0,0,0.0,0.0,0.0,0.0,0,0.0,0.0,0.0,0.0,0.0,0.0,0.0,0.0,0.0,0,0,0,0,8,0,0,0,86,86,86.0,0.0,0.0,1,0,0,0,0,0,0,0.0,86.0,0.0,0.0,0.0,0.0,0.0,0.0,0,0,1,8,0.0,0.0,0.0,0.0,0.0,0.0,0.0,0.0,0
192.168.0.1,35888,224.0.0.251,5353,17,2024-05-13 15:10:01,0.0,1,0,86,0,86.0,86.0,86.0,0.0,0.0,0.0,0.0,0.0,0,0,0.0,0.0,0.0,0.0,0,0.0,0.0,0.0,0.0,0.0,0.0,0.0,0.0,0.0,0,0,0,0,8,0,0,0,86,86,86.0,0.0,0.0,1,0,0,0,0,0,0,0.0,86.0,0.0,0.0,0.0,0.0,0.0,0.0,0,0,1,8,0.0,0.0,0.0,0.0,0.0,0.0,0.0,0.0,0
192.168.0.1,52365,224.0.0.251,5353,17,2024-05-13 15:10:01,0.0,1,0,86,0,86.0,86.0,86.0,0.0,0.0,0.0,0.0,0.0,0,0,0.0,0.0,0.0,0.0,0,0.0,0.0,0.0,0.0,0.0,0.0,0.0,0.0,0.0,0,0,0,0,8,0,0,0,86,86,86.0,0.0,0.0,1,0,0,0,0,0,0,0.0,86.0,0.0,0.0,0.0,0.0,0.0,0.0,0,0,1,8,0.0,0.0,0.0,0.0,0.0,0.0,0.0,0.0,0
192.168.0.1,59292,224.0.0.251,5353,17,2024-05-13 15:10:01,0.0,1,0,86,0,86.0,86.0,86.0,0.0,0.0,0.0,0.0,0.0,0,0,0.0,0.0,0.0,0.0,0,0.0,0.0,0.0,0.0,0.0,0.0,0.0,0.0,0.0,0,0,0,0,8,0,0,0,86,86,86.0,0.0,0.0,1,0,0,0,0,0,0,0.0,86.0,0.0,0.0,0.0,0.0,0.0,0.0,0,0,1,8,0.0,0.0,0.0,0.0,0.0,0.0,0.0,0.0,0
192.168.0.134,63819,239.255.255.250,1900,17,2024-05-13 15:10:02,2969612.8368377686,4,0,868,0,217.0,217.0,217.0,0.0,0.0,0.0,0.0,0.0,292.29399510688444,1.346976935976426,989870.9456125895,48251.59392470936,1024236.4406585693,921633.4819793701,2969612.8368377686,989870.9456125895,48251.59392470936,1024236.4406585693,921633.4819793701,0.0,0.0,0.0,0.0,0.0,0,0,0,0,32,0,1.346976935976426,0.0,217,217,217.0,0.0,0.0,0,0,0,0,0,0,0,0.0,217.0,0.0,0.0,0.0,0.0,0.0,0.0,0,0,4,8,0.0,0.0,0.0,0.0,0.0,0.0,0.0,0.0,0
192.168.0.1,48822,224.0.0.251,5353,17,2024-05-13 15:10:11,0.0,1,0,86,0,86.0,86.0,86.0,0.0,0.0,0.0,0.0,0.0,0,0,0.0,0.0,0.0,0.0,0,0.0,0.0,0.0,0.0,0.0,0.0,0.0,0.0,0.0,0,0,0,0,8,0,0,0,86,86,86.0,0.0,0.0,1,0,0,0,0,0,0,0.0,86.0,0.0,0.0,0.0,0.0,0.0,0.0,0,0,1,8,0.0,0.0,0.0,0.0,0.0,0.0,0.0,0.0,0
192.168.0.1,58686,224.0.0.251,5353,17,2024-05-13 15:10:11,0.0,1,0,86,0,86.0,86.0,86.0,0.0,0.0,0.0,0.0,0.0,0,0,0.0,0.0,0.0,0.0,0,0.0,0.0,0.0,0.0,0.0,0.0,0.0,0.0,0.0,0,0,0,0,8,0,0,0,86,86,86.0,0.0,0.0,1,0,0,0,0,0,0,0.0,86.0,0.0,0.0,0.0,0.0,0.0,0.0,0,0,1,8,0.0,0.0,0.0,0.0,0.0,0.0,0.0,0.0,0
192.168.0.1,56246,224.0.0.251,5353,17,2024-05-13 15:10:21,0.0,1,0,86,0,86.0,86.0,86.0,0.0,0.0,0.0,0.0,0.0,0,0,0.0,0.0,0.0,0.0,0,0.0,0.0,0.0,0.0,0.0,0.0,0.0,0.0,0.0,0,0,0,0,8,0,0,0,86,86,86.0,0.0,0.0,1,0,0,0,0,0,0,0.0,86.0,0.0,0.0,0.0,0.0,0.0,0.0,0,0,1,8,0.0,0.0,0.0,0.0,0.0,0.0,0.0,0.0,0
192.168.0.1,41706,224.0.0.251,5353,17,2024-05-13 15:10:21,0.0,1,0,86,0,86.0,86.0,86.0,0.0,0.0,0.0,0.0,0.0,0,0,0.0,0.0,0.0,0.0,0,0.0,0.0,0.0,0.0,0.0,0.0,0.0,0.0,0.0,0,0,0,0,8,0,0,0,86,86,86.0,0.0,0.0,1,0,0,0,0,0,0,0.0,86.0,0.0,0.0,0.0,0.0,0.0,0.0,0,0,1,8,0.0,0.0,0.0,0.0,0.0,0.0,0.0,0.0,0
192.168.0.1,42784,224.0.0.251,5353,17,2024-05-13 15:10:42,0.0,1,0,86,0,86.0,86.0,86.0,0.0,0.0,0.0,0.0,0.0,0,0,0.0,0.0,0.0,0.0,0,0.0,0.0,0.0,0.0,0.0,0.0,0.0,0.0,0.0,0,0,0,0,8,0,0,0,86,86,86.0,0.0,0.0,1,0,0,0,0,0,0,0.0,86.0,0.0,0.0,0.0,0.0,0.0,0.0,0,0,1,8,0.0,0.0,0.0,0.0,0.0,0.0,0.0,0.0,0
192.168.0.1,53233,224.0.0.251,5353,17,2024-05-13 15:10:42,0.0,1,0,86,0,86.0,86.0,86.0,0.0,0.0,0.0,0.0,0.0,0,0,0.0,0.0,0.0,0.0,0,0.0,0.0,0.0,0.0,0.0,0.0,0.0,0.0,0.0,0,0,0,0,8,0,0,0,86,86,86.0,0.0,0.0,1,0,0,0,0,0,0,0.0,86.0,0.0,0.0,0.0,0.0,0.0,0.0,0,0,1,8,0.0,0.0,0.0,0.0,0.0,0.0,0.0,0.0,0
192.168.0.1,42768,224.0.0.251,5353,17,2024-05-13 15:10:42,0.0,1,0,86,0,86.0,86.0,86.0,0.0,0.0,0.0,0.0,0.0,0,0,0.0,0.0,0.0,0.0,0,0.0,0.0,0.0,0.0,0.0,0.0,0.0,0.0,0.0,0,0,0,0,8,0,0,0,86,86,86.0,0.0,0.0,1,0,0,0,0,0,0,0.0,86.0,0.0,0.0,0.0,0.0,0.0,0.0,0,0,1,8,0.0,0.0,0.0,0.0,0.0,0.0,0.0,0.0,0
192.168.0.1,34028,224.0.0.251,5353,17,2024-05-13 15:10:42,0.0,1,0,86,0,86.0,86.0,86.0,0.0,0.0,0.0,0.0,0.0,0,0,0.0,0.0,0.0,0.0,0,0.0,0.0,0.0,0.0,0.0,0.0,0.0,0.0,0.0,0,0,0,0,8,0,0,0,86,86,86.0,0.0,0.0,1,0,0,0,0,0,0,0.0,86.0,0.0,0.0,0.0,0.0,0.0,0.0,0,0,1,8,0.0,0.0,0.0,0.0,0.0,0.0,0.0,0.0,0
192.168.0.149,57953,239.255.255.250,1900,17,2024-05-13 15:10:44,3002033.472061157,4,0,868,0,217.0,217.0,217.0,0.0,0.0,0.0,0.0,0.0,289.1373490929275,1.3324301801517395,1000677.8240203857,518.7060527967027,1001381.1588287354,1000145.673751831,3002033.472061157,1000677.8240203857,518.7060527967027,1001381.1588287354,1000145.673751831,0.0,0.0,0.0,0.0,0.0,0,0,0,0,32,0,1.3324301801517395,0.0,217,217,217.0,0.0,0.0,0,0,0,0,0,0,0,0.0,217.0,0.0,0.0,0.0,0.0,0.0,0.0,0,0,4,8,0.0,0.0,0.0,0.0,0.0,0.0,0.0,0.0,0
192.168.0.149,57956,239.255.255.250,1900,17,2024-05-13 15:10:44,2999210.5960845947,4,0,868,0,217.0,217.0,217.0,0.0,0.0,0.0,0.0,0.0,289.40948699406283,1.3336842718620407,999736.8653615316,937.2734262812097,1000568.3898925781,998427.152633667,2999210.5960845947,999736.8653615316,937.2734262812097,1000568.3898925781,998427.152633667,0.0,0.0,0.0,0.0,0.0,0,0,0,0,32,0,1.3336842718620407,0.0,217,217,217.0,0.0,0.0,0,0,0,0,0,0,0,0.0,217.0,0.0,0.0,0.0,0.0,0.0,0.0,0,0,4,8,0.0,0.0,0.0,0.0,0.0,0.0,0.0,0.0,0
192.168.0.1,55909,224.0.0.251,5353,17,2024-05-13 15:10:52,0.0,1,0,86,0,86.0,86.0,86.0,0.0,0.0,0.0,0.0,0.0,0,0,0.0,0.0,0.0,0.0,0,0.0,0.0,0.0,0.0,0.0,0.0,0.0,0.0,0.0,0,0,0,0,8,0,0,0,86,86,86.0,0.0,0.0,1,0,0,0,0,0,0,0.0,86.0,0.0,0.0,0.0,0.0,0.0,0.0,0,0,1,8,0.0,0.0,0.0,0.0,0.0,0.0,0.0,0.0,0
192.168.0.1,35000,224.0.0.251,5353,17,2024-05-13 15:10:52,0.0,1,0,86,0,86.0,86.0,86.0,0.0,0.0,0.0,0.0,0.0,0,0,0.0,0.0,0.0,0.0,0,0.0,0.0,0.0,0.0,0.0,0.0,0.0,0.0,0.0,0,0,0,0,8,0,0,0,86,86,86.0,0.0,0.0,1,0,0,0,0,0,0,0.0,86.0,0.0,0.0,0.0,0.0,0.0,0.0,0,0,1,8,0.0,0.0,0.0,0.0,0.0,0.0,0.0,0.0,0
